MAE,RMSE,MedAE,ME,PoissonDev,TweedieDev,ZeroAcc,n,activity_level,horizon
0.05404766239540808,0.16856598426151242,0.028680215181860674,0.0023704193511756904,0.19615709620645214,1.0950486626240694,0.9746835443037974,790,1,1
0.053672063302402796,0.16865617417672515,0.028364997560053798,0.0019380067161653023,0.19735986202683187,1.1026143749769661,0.9746835443037974,790,1,2
0.053429895742802345,0.16867058896107032,0.02806300552107406,0.0016750748396927202,0.19759648028031176,1.104251797232812,0.9746835443037974,790,1,3
0.05334142590661826,0.16869586295049735,0.027989142496765897,0.0015717979574010731,0.1979490134593399,1.106525874722022,0.9746835443037974,790,1,4
0.0520897467437818,0.16503132008262492,0.02793997528731867,0.002808559477310308,0.19054270988189678,1.0814343775562787,0.9759493670886076,790,1,5
0.052119021321243277,0.165087146983885,0.02791711461656753,0.002823608981400848,0.1911492811586422,1.0850068434584244,0.9759493670886076,790,1,6
0.0533326954920719,0.16868400325063057,0.027913238868797104,0.0015745836423646249,0.19780886870478798,1.1059219966854144,0.9746835443037974,790,1,7
0.19892411034224394,0.2758166887936164,0.15196122251942898,0.08473041410082446,0.4325518013616401,1.7300856638317315,0.9367088607594937,316,2,1
0.19793568700689565,0.2755104316789834,0.1511042272096741,0.08357651732100946,0.4314469995288977,1.727256235050963,0.9367088607594937,316,2,2
0.1973056059600929,0.2753178344219042,0.14997070875930424,0.08284140383108021,0.4307452887162197,1.7254513650584637,0.9367088607594937,316,2,3
0.19931838404581917,0.2792197307783681,0.14993200247878447,0.07946488550128677,0.4361008754966378,1.7320084979860875,0.9335443037974683,316,2,4
0.203815229358717,0.2873911911238397,0.1500507951630413,0.07295060392112399,0.448867892819844,1.7504939257198888,0.9272151898734177,316,2,5
0.2060582193775728,0.29141289548781923,0.14997973704282036,0.06966847852200178,0.45538906683306934,1.760164285762366,0.9240506329113924,316,2,6
0.20369614073310482,0.28739068432564463,0.1496189151911707,0.07273952160936276,0.4489132627153527,1.750673034454158,0.9272151898734177,316,2,7
1.4097421532300662,2.090419271742833,0.8023787622976508,-0.6031213936036788,2.340143504955288,2.794585613117039,0.620253164556962,474,3,1
1.4210674530857796,2.1000237215007096,0.8323948535517944,-0.5988165751299656,2.394332206609087,2.8629985966287057,0.6244725738396625,474,3,2
1.428923580366637,2.108697558887168,0.8535159033273524,-0.6124396355315329,2.407229375587487,2.8767895845700546,0.6118143459915611,474,3,3
1.4358000833878144,2.117535241831352,0.8743695533586779,-0.6282165099778539,2.426590988722675,2.8935619597968865,0.6286919831223629,474,3,4
1.4475399103743651,2.128594052970217,0.8862398036426336,-0.6405599740505152,2.4536825149697283,2.9285057168043007,0.6350210970464135,474,3,5
1.4689024905454073,2.1604687403346614,0.9118522347912771,-0.6814239492455073,2.4818431524576825,2.927905329191605,0.6455696202531646,474,3,6
1.4665113534367762,2.1631737000707116,0.897198599356474,-0.6856011128100891,2.4510732290544244,2.886215042077579,0.6455696202531646,474,3,7
