,importance,stdev,n,p99_low,p99_high
env_weather_precipitation_hours,0.005365142596274396,0.0,5.0,0.005365142596274396,0.005365142596274396
env_weather_sunshine_duration,0.0031022823909625905,0.0,5.0,0.0031022823909625905,0.0031022823909625905
env_weather_rain_sum,0.002489162915059031,0.0,5.0,0.002489162915059031,0.002489162915059031
env_weather_shortwave_radiation_sum,0.002451163293184545,0.0,5.0,0.002451163293184545,0.002451163293184545
env_weather_cloud_cover_min,0.0019323036081034576,2.42434975903054e-19,5.0,0.0019323036081034571,0.001932303608103458
env_weather_wind_gusts_10m_mean,0.0019224907076132614,0.0,5.0,0.0019224907076132614,0.0019224907076132614
env_weather_wind_speed_10m_mean,0.0017904521637441503,2.42434975903054e-19,5.0,0.0017904521637441499,0.0017904521637441507
act_total_damage_events,0.0014612711822720114,0.0,5.0,0.0014612711822720114,0.0014612711822720114
com_escalationsignal_bluesecondary_rus,0.0013809051084660991,0.0,5.0,0.0013809051084660991,0.0013809051084660991
env_weather_cloud_cover_max,0.0013180868688782437,0.0,5.0,0.0013180868688782437,0.0013180868688782437
env_k_max,0.0011550454451341884,0.0,5.0,0.0011550454451341884,0.0011550454451341884
env_weather_precipitation_sum,0.001094292651403704,0.0,5.0,0.001094292651403704,0.001094292651403704
act_intercept_rate,0.0009916159872442125,0.0,5.0,0.0009916159872442125,0.0009916159872442125
env_weather_wind_gusts_10m_max,0.00098949410522271,0.0,5.0,0.00098949410522271,0.00098949410522271
act_confirmed_destroyed,0.0009155598387219977,0.0,5.0,0.0009155598387219977,0.0009155598387219977
act_drone_strike_on_rus_in_rus_nofpv,0.0008781295680728265,1.21217487951527e-19,5.0,0.0008781295680728263,0.0008781295680728267
com_diplo_redsecondary_ua,0.0008715184622459545,0.0,5.0,0.0008715184622459545,0.0008715184622459545
com_restrictive_redsecondary_ua,0.0008311031633905791,0.0,5.0,0.0008311031633905791,0.0008311031633905791
com_escalationsignal_redsecondary_ua,0.0007708421662120466,0.0,5.0,0.0007708421662120466,0.0007708421662120466
com_restrictive_bluesecondary_rus,0.0005822583027160957,0.0,5.0,0.0005822583027160957,0.0005822583027160957
env_weather_wind_speed_10m_max,0.0005736328263425208,0.0,5.0,0.0005736328263425208,0.0005736328263425208
com_verbal_conflict_redsecondary_ua,0.0005449845413282509,0.0,5.0,0.0005449845413282509,0.0005449845413282509
act_cyber_other_rus,0.0005402263841914244,0.0,5.0,0.0005402263841914244,0.0005402263841914244
env_weather_soil_moisture_0_to_100cm_mean,0.0005347089141176605,0.0,5.0,0.0005347089141176605,0.0005347089141176605
com_logistic_redsecondary_rus,0.0005329573414063015,0.0,5.0,0.0005329573414063015,0.0005329573414063015
act_confirmed_launched,0.0005266528848537831,0.0,5.0,0.0005266528848537831,0.0005266528848537831
env_ua_holiday,0.0005067479672745556,0.0,5.0,0.0005067479672745556,0.0005067479672745556
act_cyber_rus_other,0.00045971989125783813,0.0,5.0,0.00045971989125783813,0.00045971989125783813
total_contested_area_km2,0.0004526564777300438,0.0,5.0,0.0004526564777300438,0.0004526564777300438
acled_other_rus_shelling_artillery_missile_attack,0.0003866486943007507,0.0,5.0,0.0003866486943007507,0.0003866486943007507
act_drone_infra_ua_residential_unintent,0.00038292659192812415,0.0,5.0,0.00038292659192812415,0.00038292659192812415
com_aid_military,0.0003667796268702038,0.0,5.0,0.0003667796268702038,0.0003667796268702038
act_cyber_rus_ua,0.0003341339696557223,0.0,5.0,0.0003341339696557223,0.0003341339696557223
act_cyber_rus_nato,0.0003224652378784058,0.0,5.0,0.0003224652378784058,0.0003224652378784058
com_ners_r6,0.0003203101430957652,0.0,5.0,0.0003203101430957652,0.0003203101430957652
com_verbal_conflict_rus_ua,0.00029728327836229894,0.0,5.0,0.00029728327836229894,0.00029728327836229894
com_restrictive_redsecondary_bluesecondary,0.0002837280818391375,0.0,5.0,0.0002837280818391375,0.0002837280818391375
com_ners_r3,0.00027138122867917386,0.0,5.0,0.00027138122867917386,0.00027138122867917386
com_verbal_conflict_bluesecondary_rus,0.0002451264193421895,0.0,5.0,0.0002451264193421895,0.0002451264193421895
act_cyber_other_nato,0.0002037993663959343,0.0,5.0,0.0002037993663959343,0.0002037993663959343
com_verbal_conflict_redsecondary_rus,0.00019883738900816693,0.0,5.0,0.00019883738900816693,0.00019883738900816693
fin_usd_uah_rate,0.00018157008958970904,0.0,5.0,0.00018157008958970904,0.00018157008958970904
fin_usd_rub_rate,0.00017501590394104557,0.0,5.0,0.00017501590394104557,0.00017501590394104557
acled_other_rus_armed_clash,0.00013177246981634042,0.0,5.0,0.00013177246981634042,0.00013177246981634042
com_aid_financial,0.00012157015828334137,0.0,5.0,0.00012157015828334137,0.00012157015828334137
act_drone_infra_ua_health_unintent,0.00012052887527389698,1.5152185993940876e-20,5.0,0.00012052887527389695,0.000120528875273897
acled_other_ua_shelling_artillery_missile_attack,0.00011077295161210958,0.0,5.0,0.00011077295161210958,0.00011077295161210958
acled_other_ua_armed_clash,9.439151135283562e-05,0.0,5.0,9.439151135283562e-05,9.439151135283562e-05
act_drone_infra_ua_energy_unintent,5.4556834761033135e-05,7.576092996970438e-21,5.0,5.455683476103312e-05,5.455683476103315e-05
act_cyber_ua_other,5.1651938935174345e-05,0.0,5.0,5.1651938935174345e-05,5.1651938935174345e-05
acled_other_rus_disrupted_weapons_use,4.2764078263784016e-05,0.0,5.0,4.2764078263784016e-05,4.2764078263784016e-05
act_cyber_other_ua,3.893817060888143e-05,0.0,5.0,3.893817060888143e-05,3.893817060888143e-05
com_ners_r5,3.287449181854127e-05,0.0,5.0,3.287449181854127e-05,3.287449181854127e-05
com_ners_w5,2.990478845755596e-05,3.788046498485219e-21,5.0,2.9904788457555952e-05,2.9904788457555966e-05
act_drone_infra_ua_education_intent,2.3664981474744453e-05,0.0,5.0,2.3664981474744453e-05,2.3664981474744453e-05
acled_other_ua_disrupted_weapons_use,2.359413871087335e-05,0.0,5.0,2.359413871087335e-05,2.359413871087335e-05
com_ners_r4,2.290638297851249e-05,0.0,5.0,2.290638297851249e-05,2.290638297851249e-05
com_ners_w3,1.2471409094946862e-05,1.8940232492426095e-21,5.0,1.2471409094946859e-05,1.2471409094946866e-05
act_cyber_nato_other,1.525795960695275e-06,0.0,5.0,1.525795960695275e-06,1.525795960695275e-06
Activity_Level,0.0,0.0,0.0,,
act_ua_specialmilitaryoperation,-1.181609337131041e-05,0.0,5.0,-1.181609337131041e-05,-1.181609337131041e-05
act_drone_infra_ua_education_unintent,-2.6033563611383387e-05,0.0,5.0,-2.6033563611383387e-05,-2.6033563611383387e-05
com_ners_r2,-3.264489787084025e-05,0.0,5.0,-3.264489787084025e-05,-3.264489787084025e-05
com_ners_w2,-3.300112001299954e-05,0.0,5.0,-3.300112001299954e-05,-3.300112001299954e-05
act_drone_strike_on_rus_in_ua_nofpv,-3.7297591257977635e-05,0.0,5.0,-3.7297591257977635e-05,-3.7297591257977635e-05
com_ners_w1,-3.791461992851792e-05,0.0,5.0,-3.791461992851792e-05,-3.791461992851792e-05
com_diplo_redsecondary_rus,-6.76833413975903e-05,0.0,5.0,-6.76833413975903e-05,-6.76833413975903e-05
env_weather_et0_fao_evapotranspiration,-9.897566728104979e-05,0.0,5.0,-9.897566728104979e-05,-9.897566728104979e-05
env_weather_wind_direction_10m_dominant,-9.985447835625142e-05,0.0,5.0,-9.985447835625142e-05,-9.985447835625142e-05
fin_ch_export_kyrgyzstan,-0.0001053678036819457,1.5152185993940876e-20,5.0,-0.00010536780368194572,-0.00010536780368194567
com_ners_r8,-0.00010899928540669373,1.5152185993940876e-20,5.0,-0.00010899928540669375,-0.0001089992854066937
com_aid_humanitarian,-0.00011144768099043419,0.0,5.0,-0.00011144768099043419,-0.00011144768099043419
com_ners_w8,-0.0001194499948152678,0.0,5.0,-0.0001194499948152678,-0.0001194499948152678
com_ners_r7,-0.0001226252768282668,0.0,5.0,-0.0001226252768282668,-0.0001226252768282668
com_ners_w4,-0.00013392203881501966,0.0,5.0,-0.00013392203881501966,-0.00013392203881501966
com_ners_w7,-0.00014176998615970989,0.0,5.0,-0.00014176998615970989,-0.00014176998615970989
act_cyber_ua_rus,-0.0001461277030523366,0.0,5.0,-0.0001461277030523366,-0.0001461277030523366
com_ners_w6,-0.00014665058870165057,0.0,5.0,-0.00014665058870165057,-0.00014665058870165057
env_weather_cloud_cover_mean,-0.00017156867377935252,0.0,5.0,-0.00017156867377935252,-0.00017156867377935252
act_total_daily_strike_events,-0.00017230913001115713,0.0,5.0,-0.00017230913001115713,-0.00017230913001115713
com_ners_r1,-0.00017244427154823385,0.0,5.0,-0.00017244427154823385,-0.00017244427154823385
act_drone_infra_ua_health_intent,-0.00018428214464375782,0.0,5.0,-0.00018428214464375782,-0.00018428214464375782
dist_to_nearest_ru_km,-0.00019480894355679092,0.0,5.0,-0.00019480894355679092,-0.00019480894355679092
act_drone_infra_ua_energy_intent,-0.00021236208805192977,0.0,5.0,-0.00021236208805192977,-0.00021236208805192977
fin_ch_export_tajikistan,-0.0002400019602775156,0.0,5.0,-0.0002400019602775156,-0.0002400019602775156
env_weather_pressure_msl_max,-0.0002692066708837851,0.0,5.0,-0.0002692066708837851,-0.0002692066708837851
com_diplo_rus_ua,-0.0002749955055084415,0.0,5.0,-0.0002749955055084415,-0.0002749955055084415
act_cyber_nato_rus,-0.000285095960818984,0.0,5.0,-0.000285095960818984,-0.000285095960818984
act_drone_infra_ua_residential_intent,-0.0003524373382842506,0.0,5.0,-0.0003524373382842506,-0.0003524373382842506
fin_ch_export_russia,-0.00035606500097001224,0.0,5.0,-0.00035606500097001224,-0.00035606500097001224
com_escalationsignal_rus_ua,-0.00043215806211284474,0.0,5.0,-0.00043215806211284474,-0.00043215806211284474
fin_ch_export_uzbekistan,-0.00043700385553757366,0.0,5.0,-0.00043700385553757366,-0.00043700385553757366
env_weather_pressure_msl_min,-0.0004411601915109348,0.0,5.0,-0.0004411601915109348,-0.0004411601915109348
fin_ch_export_kazakhstan,-0.0004816553414855924,6.06087439757635e-20,5.0,-0.0004816553414855925,-0.0004816553414855923
env_weather_soil_temperature_0_to_100cm_mean,-0.0004971669333049732,0.0,5.0,-0.0004971669333049732,-0.0004971669333049732
fin_ch_export_iran,-0.0005318548217411734,0.0,5.0,-0.0005318548217411734,-0.0005318548217411734
dist_to_nearest_contested_km,-0.0005397205427575346,0.0,5.0,-0.0005397205427575346,-0.0005397205427575346
com_restrictive_rus_ua,-0.0005815457750029359,0.0,5.0,-0.0005815457750029359,-0.0005815457750029359
fin_ch_export_turkmenistan,-0.0005916620382590328,0.0,5.0,-0.0005916620382590328,-0.0005916620382590328
total_ru_area_km2,-0.0006464479479226399,0.0,5.0,-0.0006464479479226399,-0.0006464479479226399
com_diplo_bluesecondary_ua,-0.000648371282381579,0.0,5.0,-0.000648371282381579,-0.000648371282381579
env_weather_pressure_msl_mean,-0.0006652108253877381,0.0,5.0,-0.0006652108253877381,-0.0006652108253877381
env_weather_snowfall_sum,-0.0008596045595791107,1.21217487951527e-19,5.0,-0.0008596045595791109,-0.0008596045595791105
index,-0.0008719512804514662,1.21217487951527e-19,5.0,-0.0008719512804514665,-0.000871951280451466
com_diplo_bluesecondary_rus,-0.0008987525683230148,0.0,5.0,-0.0008987525683230148,-0.0008987525683230148
fin_ch_export_dprk,-0.0010018558884468884,0.0,5.0,-0.0010018558884468884,-0.0010018558884468884
fin_ch_export_belarus,-0.0010598073917766364,0.0,5.0,-0.0010598073917766364,-0.0010598073917766364
env_weather_daylight_duration,-0.0010972187283767954,0.0,5.0,-0.0010972187283767954,-0.0010972187283767954
env_weather_temperature_2m_min,-0.0012829464862221661,0.0,5.0,-0.0012829464862221661,-0.0012829464862221661
env_weather_temperature_2m_max,-0.0013085441838048782,0.0,5.0,-0.0013085441838048782,-0.0013085441838048782
env_weather_temperature_2m_mean,-0.0014396945894657464,0.0,5.0,-0.0014396945894657464,-0.0014396945894657464
env_rus_holiday,-0.0014680286683308261,0.0,5.0,-0.0014680286683308261,-0.0014680286683308261
