region,MAE,RMSE,MedAE,ME,ZeroAcc,n,MASE,RMSSE
cherkasy,0.17421602787456447,0.4173919355648411,0.0,-0.008710801393728223,0.8257839721254355,1148,5.662020905923345,2.3795001378279736
chernihiv,2.5897212543554007,3.3070245160605904,2.0,-0.15418118466898956,0.7125435540069687,1148,16.116882274445842,7.626389901727054
dnipropetrovsk,1.9843205574912892,2.6464097038360275,2.0,0.0156794425087108,0.6907665505226481,1148,3.1803493866641213,2.326414379957625
donetsk,0.6489547038327527,1.7607311594981996,0.0,0.002613240418118467,0.6803135888501742,1148,3.1636541811846692,2.150938283856598
ivano-frankivsk,0.06097560975609756,0.2921743548953888,0.0,0.0,0.9512195121951219,1148,4.458841463414634,2.4984751447193725
kharkiv,1.343205574912892,1.8582146465018157,1.0,-0.08188153310104529,0.6524390243902439,1148,5.20380967764266,2.907199675194804
kherson,1.4764808362369337,1.849050985516172,1.0,-0.06010452961672474,0.7508710801393729,1148,2.460801393728223,1.5188583420538444
khmelnytskyi,0.10627177700348432,0.32599352294713513,0.0,0.003484320557491289,0.8937282229965157,1148,1.554224738675958,1.0934155163016475
kirovohrad,0.07055749128919861,0.26562660124542986,0.0,-0.002613240418118467,0.9294425087108014,1148,1.9655301144848185,1.2849300744271057
kyiv,0.6611498257839721,1.2601504251781432,0.0,-0.009581881533101045,0.5949477351916377,1148,4.95862369337979,2.5945424466558387
luhansk,0.036585365853658534,0.19127301391900148,0.0,0.0,0.9634146341463414,1148,1.7835365853658536,1.1565692538816645
lviv,0.036585365853658534,0.19127301391900148,0.0,0.0,0.9634146341463414,1148,0.8917682926829268,0.771046169254443
mykolaiv,0.37717770034843207,0.7541984692443051,0.0,0.004355400696864111,0.7186411149825784,1148,1.9526456168480775,1.455840354517451
odesa,0.23344947735191637,0.5426095162342934,0.0,-0.0017421602787456446,0.8031358885017421,1148,0.9044234718600733,0.9648937091950908
poltava,0.09668989547038327,0.34796571580088503,0.0,-0.0008710801393728223,0.9155052264808362,1148,1.488515496057216,1.3652827115473292
rivne,0.04878048780487805,0.2208630521496931,0.0,0.0,0.9512195121951219,1148,4.7560975609756095,1.6892775191144187
sumy,5.188153310104529,7.185084240290415,4.0,-0.3641114982578397,0.9155052264808362,1148,7.313420931111204,4.5716805259227025
vinnytsia,0.06620209059233449,0.25729766923222314,0.0,0.005226480836236934,0.9337979094076655,1148,1.7603737725688946,1.2204700071396783
zaporizhia,2.582752613240418,3.7783769536907226,2.0,-0.016550522648083623,0.7125435540069687,1148,2.3388704005350536,1.5695796796063068
zhytomyr,0.11236933797909408,0.43074362408097366,0.0,-0.009581881533101045,0.912020905923345,1148,2.528310104529617,1.7867234287322977
