region,horizon,MAE,RMSE,MedAE,ME,ZeroAcc,n,MASE,RMSSE
cherkasy,1,0.17073170731707318,0.4131969352706687,0.0,-0.012195121951219513,0.8292682926829268,164,5.548780487804878,2.3555849566094786
cherkasy,2,0.17073170731707318,0.4131969352706687,0.0,-0.012195121951219513,0.8292682926829268,164,5.548780487804878,2.3555849566094786
cherkasy,3,0.17073170731707318,0.4131969352706687,0.0,-0.012195121951219513,0.8292682926829268,164,5.548780487804878,2.3555849566094786
cherkasy,4,0.17682926829268292,0.4205107231601626,0.0,-0.006097560975609756,0.823170731707317,164,5.746951219512194,2.3972799626894217
cherkasy,5,0.17682926829268292,0.4205107231601626,0.0,-0.006097560975609756,0.823170731707317,164,5.746951219512194,2.3972799626894217
cherkasy,6,0.17682926829268292,0.4205107231601626,0.0,-0.006097560975609756,0.823170731707317,164,5.746951219512194,2.3972799626894217
cherkasy,7,0.17682926829268292,0.4205107231601626,0.0,-0.006097560975609756,0.823170731707317,164,5.746951219512194,2.3972799626894217
chernihiv,1,2.597560975609756,3.3184627648884684,2.0,-0.2073170731707317,0.7012195121951219,164,16.165672029060715,7.652767857176348
chernihiv,2,2.5792682926829267,3.299112962822494,2.0,-0.16463414634146342,0.7073170731707317,164,16.051829268292682,7.60814492367232
chernihiv,3,2.567073170731707,3.2954144045265346,2.0,-0.1524390243902439,0.7134146341463414,164,15.975934094447325,7.599615610538332
chernihiv,4,2.5792682926829267,3.299112962822494,2.0,-0.1402439024390244,0.7134146341463414,164,16.051829268292682,7.60814492367232
chernihiv,5,2.6036585365853657,3.313865917183912,2.0,-0.11585365853658537,0.7134146341463414,164,16.203619615983392,7.6421669823586535
chernihiv,6,2.5853658536585367,3.3000369547080872,2.0,-0.13414634146341464,0.7195121951219512,164,16.08977685521536,7.610275758309723
chernihiv,7,2.6158536585365852,3.323053253685422,2.0,-0.16463414634146342,0.7195121951219512,164,16.27951478982875,7.66335406760057
dnipropetrovsk,1,2.0060975609756095,2.67212348188459,2.0,0.018292682926829267,0.6829268292682927,164,3.2152522552622784,2.3490189309190668
dnipropetrovsk,2,2.0121951219512195,2.675544166214763,2.0,0.036585365853658534,0.6829268292682927,164,3.225025058469763,2.352025997135411
dnipropetrovsk,3,2.018292682926829,2.6766834228838987,2.0,0.03048780487804878,0.6829268292682927,164,3.2347978616772464,2.353027498563439
dnipropetrovsk,4,1.9939024390243902,2.6583967293712405,2.0,0.006097560975609756,0.6890243902439024,164,3.1957066488473105,2.3369519730361334
dnipropetrovsk,5,1.9634146341463414,2.629569194058499,2.0,0.036585365853658534,0.6951219512195121,164,3.1468426328098897,2.311610170293691
dnipropetrovsk,6,1.9451219512195121,2.6051075536057353,2.0,-0.006097560975609756,0.7012195121951219,164,3.1175242231874374,2.2901063524894507
dnipropetrovsk,7,1.951219512195122,2.6062775997251846,2.0,-0.012195121951219513,0.7012195121951219,164,3.1272970263949214,2.29113492040679
donetsk,1,0.6463414634146342,1.759988913490581,0.0,0.012195121951219513,0.6829268292682927,164,3.150914634146342,2.1500315438666715
donetsk,2,0.6463414634146342,1.759988913490581,0.0,0.012195121951219513,0.6829268292682927,164,3.150914634146342,2.1500315438666715
donetsk,3,0.6524390243902439,1.7617203343849346,0.0,0.006097560975609756,0.676829268292683,164,3.180640243902439,2.1521466762462196
donetsk,4,0.6463414634146342,1.759988913490581,0.0,0.0,0.6829268292682927,164,3.150914634146342,2.1500315438666715
donetsk,5,0.6524390243902439,1.7617203343849346,0.0,-0.006097560975609756,0.676829268292683,164,3.180640243902439,2.1521466762462196
donetsk,6,0.6524390243902439,1.7617203343849346,0.0,-0.006097560975609756,0.676829268292683,164,3.180640243902439,2.1521466762462196
donetsk,7,0.6463414634146342,1.759988913490581,0.0,0.0,0.6829268292682927,164,3.150914634146342,2.1500315438666715
ivano-frankivsk,1,0.06097560975609756,0.2921743548953888,0.0,0.0,0.9512195121951219,164,4.458841463414634,2.4984751447193725
ivano-frankivsk,2,0.06097560975609756,0.2921743548953888,0.0,0.0,0.9512195121951219,164,4.458841463414634,2.4984751447193725
ivano-frankivsk,3,0.06097560975609756,0.2921743548953888,0.0,0.0,0.9512195121951219,164,4.458841463414634,2.4984751447193725
ivano-frankivsk,4,0.06097560975609756,0.2921743548953888,0.0,0.0,0.9512195121951219,164,4.458841463414634,2.4984751447193725
ivano-frankivsk,5,0.06097560975609756,0.2921743548953888,0.0,0.0,0.9512195121951219,164,4.458841463414634,2.4984751447193725
ivano-frankivsk,6,0.06097560975609756,0.2921743548953888,0.0,0.0,0.9512195121951219,164,4.458841463414634,2.4984751447193725
ivano-frankivsk,7,0.06097560975609756,0.2921743548953888,0.0,0.0,0.9512195121951219,164,4.458841463414634,2.4984751447193725
kharkiv,1,1.3109756097560976,1.8262984021398412,1.0,-0.06707317073170732,0.6524390243902439,164,5.0789452430948145,2.857266318239919
kharkiv,2,1.3353658536585367,1.8528159188835498,1.0,-0.09146341463414634,0.6524390243902439,164,5.1734372476175094,2.8987532994180145
kharkiv,3,1.3353658536585367,1.8528159188835498,1.0,-0.09146341463414634,0.6524390243902439,164,5.1734372476175094,2.8987532994180145
kharkiv,4,1.3475609756097562,1.8659333635135984,1.0,-0.06707317073170732,0.6524390243902439,164,5.2206832498788565,2.919275702919491
kharkiv,5,1.353658536585366,1.8675665658949832,1.0,-0.07317073170731707,0.6524390243902439,164,5.2443062510095295,2.9218308681376897
kharkiv,6,1.353658536585366,1.8675665658949832,1.0,-0.08536585365853659,0.6524390243902439,164,5.2443062510095295,2.9218308681376897
kharkiv,7,1.3658536585365855,1.8740851426632728,1.0,-0.0975609756097561,0.6524390243902439,164,5.2915522532708765,2.9320292616866697
kherson,1,1.4817073170731707,1.8561039710155012,1.0,-0.054878048780487805,0.7378048780487805,164,2.4695121951219514,1.5246518469090122
kherson,2,1.4817073170731707,1.8561039710155012,1.0,-0.07926829268292683,0.7439024390243902,164,2.4695121951219514,1.5246518469090122
kherson,3,1.475609756097561,1.8478728707195913,1.0,-0.07317073170731707,0.75,164,2.459349593495935,1.5178906080645167
kherson,4,1.4695121951219512,1.8429165644202763,1.0,-0.07926829268292683,0.7560975609756098,164,2.4491869918699187,1.5138193697766298
kherson,5,1.475609756097561,1.8478728707195913,1.0,-0.06097560975609756,0.7560975609756098,164,2.459349593495935,1.5178906080645167
kherson,6,1.4695121951219512,1.8429165644202763,1.0,-0.042682926829268296,0.7560975609756098,164,2.4491869918699187,1.5138193697766298
kherson,7,1.4817073170731707,1.8495220213117425,1.0,-0.03048780487804878,0.7560975609756098,164,2.4695121951219514,1.5192452630490534
khmelnytskyi,1,0.10975609756097561,0.3312945782245396,0.0,0.0,0.8902439024390244,164,1.605182926829268,1.1111957962307881
khmelnytskyi,2,0.10975609756097561,0.3312945782245396,0.0,0.0,0.8902439024390244,164,1.605182926829268,1.1111957962307881
khmelnytskyi,3,0.10975609756097561,0.3312945782245396,0.0,0.0,0.8902439024390244,164,1.605182926829268,1.1111957962307881
khmelnytskyi,4,0.10365853658536585,0.3219604581083923,0.0,0.006097560975609756,0.8963414634146342,164,1.5160060975609755,1.0798882055960077
khmelnytskyi,5,0.10365853658536585,0.3219604581083923,0.0,0.006097560975609756,0.8963414634146342,164,1.5160060975609755,1.0798882055960077
khmelnytskyi,6,0.10365853658536585,0.3219604581083923,0.0,0.006097560975609756,0.8963414634146342,164,1.5160060975609755,1.0798882055960077
khmelnytskyi,7,0.10365853658536585,0.3219604581083923,0.0,0.006097560975609756,0.8963414634146342,164,1.5160060975609755,1.0798882055960077
kirovohrad,1,0.06707317073170732,0.2589848851414061,0.0,-0.006097560975609756,0.9329268292682927,164,1.8684668989547042,1.2528017381541068
kirovohrad,2,0.06707317073170732,0.2589848851414061,0.0,-0.006097560975609756,0.9329268292682927,164,1.8684668989547042,1.2528017381541068
kirovohrad,3,0.06707317073170732,0.2589848851414061,0.0,-0.006097560975609756,0.9329268292682927,164,1.8684668989547042,1.2528017381541068
kirovohrad,4,0.07317073170731707,0.2705008904002297,0.0,0.0,0.926829268292683,164,2.038327526132404,1.308508739730545
kirovohrad,5,0.07317073170731707,0.2705008904002297,0.0,0.0,0.926829268292683,164,2.038327526132404,1.308508739730545
kirovohrad,6,0.07317073170731707,0.2705008904002297,0.0,0.0,0.926829268292683,164,2.038327526132404,1.308508739730545
kirovohrad,7,0.07317073170731707,0.2705008904002297,0.0,0.0,0.926829268292683,164,2.038327526132404,1.308508739730545
kyiv,1,0.6585365853658537,1.259113121867347,0.0,-0.012195121951219513,0.5975609756097561,164,4.939024390243903,2.5924067274463347
kyiv,2,0.6585365853658537,1.259113121867347,0.0,-0.012195121951219513,0.5975609756097561,164,4.939024390243903,2.5924067274463347
kyiv,3,0.6585365853658537,1.259113121867347,0.0,-0.012195121951219513,0.5975609756097561,164,4.939024390243903,2.5924067274463347
kyiv,4,0.6646341463414634,1.261532169480488,0.0,-0.006097560975609756,0.5914634146341463,164,4.984756097560976,2.597387340544083
kyiv,5,0.6585365853658537,1.259113121867347,0.0,-0.012195121951219513,0.5975609756097561,164,4.939024390243903,2.5924067274463347
kyiv,6,0.6646341463414634,1.261532169480488,0.0,-0.006097560975609756,0.5914634146341463,164,4.984756097560976,2.597387340544083
kyiv,7,0.6646341463414634,1.261532169480488,0.0,-0.006097560975609756,0.5914634146341463,164,4.984756097560976,2.597387340544083
luhansk,1,0.036585365853658534,0.19127301391900148,0.0,0.0,0.9634146341463414,164,1.7835365853658536,1.1565692538816645
luhansk,2,0.036585365853658534,0.19127301391900148,0.0,0.0,0.9634146341463414,164,1.7835365853658536,1.1565692538816645
luhansk,3,0.036585365853658534,0.19127301391900148,0.0,0.0,0.9634146341463414,164,1.7835365853658536,1.1565692538816645
luhansk,4,0.036585365853658534,0.19127301391900148,0.0,0.0,0.9634146341463414,164,1.7835365853658536,1.1565692538816645
luhansk,5,0.036585365853658534,0.19127301391900148,0.0,0.0,0.9634146341463414,164,1.7835365853658536,1.1565692538816645
luhansk,6,0.036585365853658534,0.19127301391900148,0.0,0.0,0.9634146341463414,164,1.7835365853658536,1.1565692538816645
luhansk,7,0.036585365853658534,0.19127301391900148,0.0,0.0,0.9634146341463414,164,1.7835365853658536,1.1565692538816645
lviv,1,0.036585365853658534,0.19127301391900148,0.0,0.0,0.9634146341463414,164,0.8917682926829268,0.771046169254443
lviv,2,0.036585365853658534,0.19127301391900148,0.0,0.0,0.9634146341463414,164,0.8917682926829268,0.771046169254443
lviv,3,0.036585365853658534,0.19127301391900148,0.0,0.0,0.9634146341463414,164,0.8917682926829268,0.771046169254443
lviv,4,0.036585365853658534,0.19127301391900148,0.0,0.0,0.9634146341463414,164,0.8917682926829268,0.771046169254443
lviv,5,0.036585365853658534,0.19127301391900148,0.0,0.0,0.9634146341463414,164,0.8917682926829268,0.771046169254443
lviv,6,0.036585365853658534,0.19127301391900148,0.0,0.0,0.9634146341463414,164,0.8917682926829268,0.771046169254443
lviv,7,0.036585365853658534,0.19127301391900148,0.0,0.0,0.9634146341463414,164,0.8917682926829268,0.771046169254443
mykolaiv,1,0.3719512195121951,0.7449013684914855,0.0,-0.018292682926829267,0.7195121951219512,164,1.9255881718109216,1.4378940247277188
mykolaiv,2,0.3719512195121951,0.7449013684914855,0.0,-0.006097560975609756,0.7195121951219512,164,1.9255881718109216,1.4378940247277188
mykolaiv,3,0.3780487804878049,0.7570803997643295,0.0,0.012195121951219513,0.7195121951219512,164,1.9571551910209366,1.461403387221788
mykolaiv,4,0.3780487804878049,0.7570803997643295,0.0,0.012195121951219513,0.7195121951219512,164,1.9571551910209366,1.461403387221788
mykolaiv,5,0.3780487804878049,0.7570803997643295,0.0,0.012195121951219513,0.7195121951219512,164,1.9571551910209366,1.461403387221788
mykolaiv,6,0.3780487804878049,0.7570803997643295,0.0,0.012195121951219513,0.7195121951219512,164,1.9571551910209366,1.461403387221788
mykolaiv,7,0.38414634146341464,0.7610967695917036,0.0,0.006097560975609756,0.7134146341463414,164,1.9887222102309519,1.4691562447411306
odesa,1,0.23170731707317074,0.5410017808004594,0.0,0.0,0.8048780487804879,164,0.8976740429655952,0.9620347585874374
odesa,2,0.23780487804878048,0.5466081666101212,0.0,-0.006097560975609756,0.7987804878048781,164,0.9212970440962687,0.9720042969704089
odesa,3,0.23780487804878048,0.5466081666101212,0.0,-0.006097560975609756,0.7987804878048781,164,0.9212970440962687,0.9720042969704089
odesa,4,0.23170731707317074,0.5410017808004594,0.0,0.0,0.8048780487804879,164,0.8976740429655952,0.9620347585874374
odesa,5,0.23170731707317074,0.5410017808004594,0.0,0.0,0.8048780487804879,164,0.8976740429655952,0.9620347585874374
odesa,6,0.23170731707317074,0.5410017808004594,0.0,0.0,0.8048780487804879,164,0.8976740429655952,0.9620347585874374
odesa,7,0.23170731707317074,0.5410017808004594,0.0,0.0,0.8048780487804879,164,0.8976740429655952,0.9620347585874374
poltava,1,0.0975609756097561,0.3492151478847891,0.0,0.0,0.9146341463414634,164,1.501925545571245,1.3701849991749495
poltava,2,0.0975609756097561,0.3492151478847891,0.0,0.0,0.9146341463414634,164,1.501925545571245,1.3701849991749495
poltava,3,0.0975609756097561,0.3492151478847891,0.0,0.0,0.9146341463414634,164,1.501925545571245,1.3701849991749495
poltava,4,0.0975609756097561,0.3492151478847891,0.0,0.0,0.9146341463414634,164,1.501925545571245,1.3701849991749495
poltava,5,0.0975609756097561,0.3492151478847891,0.0,0.0,0.9146341463414634,164,1.501925545571245,1.3701849991749495
poltava,6,0.0975609756097561,0.3492151478847891,0.0,0.0,0.9146341463414634,164,1.501925545571245,1.3701849991749495
poltava,7,0.09146341463414634,0.34037282285250886,0.0,-0.006097560975609756,0.9207317073170732,164,1.4080551989730423,1.3354911401300475
rivne,1,0.04878048780487805,0.2208630521496931,0.0,0.0,0.9512195121951219,164,4.7560975609756095,1.6892775191144187
rivne,2,0.04878048780487805,0.2208630521496931,0.0,0.0,0.9512195121951219,164,4.7560975609756095,1.6892775191144187
rivne,3,0.04878048780487805,0.2208630521496931,0.0,0.0,0.9512195121951219,164,4.7560975609756095,1.6892775191144187
rivne,4,0.04878048780487805,0.2208630521496931,0.0,0.0,0.9512195121951219,164,4.7560975609756095,1.6892775191144187
rivne,5,0.04878048780487805,0.2208630521496931,0.0,0.0,0.9512195121951219,164,4.7560975609756095,1.6892775191144187
rivne,6,0.04878048780487805,0.2208630521496931,0.0,0.0,0.9512195121951219,164,4.7560975609756095,1.6892775191144187
rivne,7,0.04878048780487805,0.2208630521496931,0.0,0.0,0.9512195121951219,164,4.7560975609756095,1.6892775191144187
sumy,1,5.176829268292683,7.140147569698624,4.0,-0.27439024390243905,0.9146341463414634,164,7.297458125183661,4.54308850181082
sumy,2,5.225609756097561,7.20814241487852,4.0,-0.3231707317073171,0.9146341463414634,164,7.366220981486923,4.586351837239645
sumy,3,5.219512195121951,7.206027287506806,4.0,-0.35365853658536583,0.9146341463414634,164,7.357625624449016,4.585006037205613
sumy,4,5.201219512195122,7.199678177089483,4.0,-0.3353658536585366,0.9146341463414634,164,7.331839553335292,4.580966264882688
sumy,5,5.170731707317073,7.184841767186818,4.0,-0.3780487804878049,0.9146341463414634,164,7.288862768145753,4.571526246650713
sumy,6,5.146341463414634,7.164444730241342,4.0,-0.4024390243902439,0.9146341463414634,164,7.254481339994123,4.558548147372869
sumy,7,5.176829268292683,7.192051846037928,4.0,-0.4817073170731707,0.9207317073170732,164,7.297458125183661,4.5761138305915035
vinnytsia,1,0.06707317073170732,0.2589848851414061,0.0,0.006097560975609756,0.9329268292682927,164,1.7835365853658538,1.2284731749059132
vinnytsia,2,0.06707317073170732,0.2589848851414061,0.0,0.006097560975609756,0.9329268292682927,164,1.7835365853658538,1.2284731749059132
vinnytsia,3,0.06707317073170732,0.2589848851414061,0.0,0.006097560975609756,0.9329268292682927,164,1.7835365853658538,1.2284731749059132
vinnytsia,4,0.06707317073170732,0.2589848851414061,0.0,0.006097560975609756,0.9329268292682927,164,1.7835365853658538,1.2284731749059132
vinnytsia,5,0.06707317073170732,0.2589848851414061,0.0,0.006097560975609756,0.9329268292682927,164,1.7835365853658538,1.2284731749059132
vinnytsia,6,0.06707317073170732,0.2589848851414061,0.0,0.006097560975609756,0.9329268292682927,164,1.7835365853658538,1.2284731749059132
vinnytsia,7,0.06097560975609756,0.2469323991623974,0.0,0.0,0.9390243902439024,164,1.6213968957871396,1.1713032141645454
zaporizhia,1,2.6341463414634148,3.820675460649564,2.0,-0.036585365853658534,0.7073170731707317,164,2.3854111606131543,1.5871509483849373
zaporizhia,2,2.6036585365853657,3.7926437140157807,2.0,0.006097560975609756,0.7073170731707317,164,2.3578022351430943,1.5755062500291312
zaporizhia,3,2.6036585365853657,3.7926437140157807,2.0,0.006097560975609756,0.7134146341463414,164,2.3578022351430943,1.5755062500291312
zaporizhia,4,2.567073170731707,3.7635932493219113,2.0,-0.03048780487804878,0.7195121951219512,164,2.3246715245790224,1.5634383648960508
zaporizhia,5,2.5609756097560976,3.761162249014875,2.0,-0.012195121951219513,0.7134146341463414,164,2.319149739485011,1.5624285004146063
zaporizhia,6,2.542682926829268,3.7489836020954383,2.0,-0.042682926829268296,0.7134146341463414,164,2.3025843842029747,1.557369355452594
zaporizhia,7,2.567073170731707,3.7684505452765493,2.0,-0.006097560975609756,0.7134146341463414,164,2.3246715245790224,1.5654561394912474
zhytomyr,1,0.10975609756097561,0.42769946138415077,0.0,-0.012195121951219513,0.9146341463414634,164,2.469512195121951,1.7740962498091248
zhytomyr,2,0.10975609756097561,0.42769946138415077,0.0,-0.012195121951219513,0.9146341463414634,164,2.469512195121951,1.7740962498091248
zhytomyr,3,0.10975609756097561,0.42769946138415077,0.0,-0.012195121951219513,0.9146341463414634,164,2.469512195121951,1.7740962498091248
zhytomyr,4,0.10975609756097561,0.42769946138415077,0.0,-0.012195121951219513,0.9146341463414634,164,2.469512195121951,1.7740962498091248
zhytomyr,5,0.10975609756097561,0.42769946138415077,0.0,-0.012195121951219513,0.9146341463414634,164,2.469512195121951,1.7740962498091248
zhytomyr,6,0.11585365853658537,0.43476935292624114,0.0,-0.006097560975609756,0.9085365853658537,164,2.606707317073171,1.803422141477981
zhytomyr,7,0.12195121951219512,0.4417261042993862,0.0,0.0,0.9024390243902439,164,2.74390243902439,1.8322787280212731
