MAE,RMSE,MedAE,ME,PoissonDev,TweedieDev,ZeroAcc,n,MASE,RMSSE,region,horizon
0.026218552674820064,0.15845252362913453,0.0,0.0009020969786175298,0.5264438366141062,1601.1795877219279,0.9746835443037974,79,0.8535595481913644,0.9040901047536591,cherkasy,1
0.027120998671138864,0.15781493959303078,0.0,0.0018045429749363395,0.5282487286067439,1601.2113296259795,0.9746835443037974,79,0.8829391789604097,0.9004522111765302,cherkasy,2
0.028023410297169496,0.15719899479761318,0.0,0.0027069546009669664,0.5300535518588049,1601.2356354046642,0.9746835443037974,79,0.9123176907856292,0.8969377856447857,cherkasy,3
0.028925891472908034,0.15660651487895677,0.0,0.0036094357767055022,0.5318585142102822,1601.2560885601993,0.9746835443037974,79,0.9416984668402283,0.8935572447770603,cherkasy,4
0.029828370345713402,0.15603758658829364,0.0,0.0045119146495108745,0.5336634719558928,1601.2740785300716,0.9746835443037974,79,0.9710791679215586,0.8903110835539874,cherkasy,5
0.030731254931758382,0.15549056960085147,0.0,0.005414799235555855,0.5354692411279829,1601.2903319760017,0.9746835443037974,79,1.0004730772228008,0.8871899426964511,cherkasy,6
0.031825359274558,0.155944570397943,0.0,0.006184333633532362,0.5437344591887676,1621.828185009377,0.9743589743589743,78,1.0360922519383882,0.8897803566501058,cherkasy,7
0.9622335859698526,1.4491866424323616,0.9965008258059043,0.00027785682591114296,13.062249767270082,33632.15356785364,0.620253164556962,79,5.998605121046102,3.344851087619145,chernihiv,1
0.9372638281472893,1.3957566538118311,0.9939569264423751,0.0005559158986809331,9.535037104657086,22423.152438464895,0.5949367088607594,79,5.8429425882373565,3.221529942974244,chernihiv,2
0.9364976051917876,1.3675538135363374,0.9909360801852103,0.0008342928219194701,10.951623030097688,28823.941542175588,0.5949367088607594,79,5.838165921727527,3.156435290424107,chernihiv,3
1.163787286399059,1.5817626241085103,0.9975784709325304,0.001112912751275216,15.329918554588254,41632.482697775034,0.4936708860759494,79,7.255099466274985,3.6508481921448577,chernihiv,4
1.0497842952140335,1.5200312216828773,0.9948825886136174,-0.036582720082388706,12.08476179754596,32025.405295658373,0.569620253164557,79,6.544399968036422,3.508366649396805,chernihiv,5
1.0740239390396822,1.4510821666886213,0.9963604600103166,-0.036303037869412344,14.20565988069075,38430.18267505939,0.5443037974683544,79,6.695510939119721,3.349226125440027,chernihiv,6
1.104784574426848,1.6092245689682896,1.0,-0.04951933345678561,15.763988044249144,42166.83745438435,0.5256410256410257,78,6.887274049086521,3.7142327924736294,chernihiv,7
1.5316427988417212,2.058859332444937,1.0006564807692824,-0.038482788563755047,14.61585521433105,30443.276975248667,0.569620253164557,79,2.459021041428078,1.8114549739943182,dnipropetrovsk,1
1.5064532494360157,1.944570493941455,1.0047684158277723,-0.03899158688172497,15.13553316697801,35236.436889635756,0.569620253164557,79,2.418579737450699,1.7108997385216187,dnipropetrovsk,2
1.4330775036979826,2.0221969334696794,1.0,-0.09013321421673703,11.449558114070252,25625.937163789204,0.5822784810126582,79,2.3007764853890897,1.7791981393792848,dnipropetrovsk,3
1.710777609565523,2.2294985739545714,1.0120857592325034,-0.0906417433144107,16.44976737567391,36837.4892470881,0.5063291139240507,79,2.7466182991928667,1.961589224508741,dnipropetrovsk,4
1.5494800944881348,2.133560254994059,1.0029832797892937,-0.15444123802696688,17.702769721275466,44837.21312885691,0.5949367088607594,79,2.487658453068622,1.8771794047901216,dnipropetrovsk,5
1.6607485925519796,2.167179714167794,1.0097586488651187,-0.1422900200089396,15.955110964199111,38433.73324805528,0.5063291139240507,79,2.666297740371123,1.9067589567214047,dnipropetrovsk,6
1.6059488852890642,2.1681126296955227,1.0126203371858153,-0.1448420867329029,20.42358661798032,51899.44878218407,0.5,78,2.5783179363818944,1.907579767762931,dnipropetrovsk,7
0.12746766455038003,0.38955867402645367,0.0,0.0009346929370857038,2.2759874552022086,6405.596767628712,0.8987341772151899,79,0.617322739062171,0.4756915224976495,donetsk,1
0.15366974185582263,0.4496894645511652,0.0,0.001870077371882012,2.8023733168191143,8006.407220448211,0.8734177215189873,79,0.7442187498141493,0.5491174508643347,donetsk,2
0.16705819792112286,0.4632269934036581,0.0,-0.009851363599751755,2.8982124363930444,8006.840949641524,0.8607594936708861,79,0.8090587105932067,0.5656481768885764,donetsk,3
0.18031052310658077,0.476244167653232,0.0,-0.02157270659609658,2.978087425651465,8007.102465501798,0.8481012658227848,79,0.8732393928963333,0.581543496002884,donetsk,4
0.18138739307069393,0.47630726104643634,0.0,-0.02063633436726786,3.3756046777670656,9607.634893963701,0.8481012658227848,79,0.8784546474332781,0.5816205395762248,donetsk,5
0.18228514667940454,0.47587447886200074,0.0,-0.01969940618770158,2.960724599055764,8006.915590344588,0.8481012658227848,79,0.8828024459019096,0.5810920676669842,donetsk,6
0.1593765242812517,0.4508399602800181,0.0,-0.019216900036301523,2.0355085930273304,4866.594440319021,0.8717948717948718,78,0.771856555610029,0.5505223254092355,donetsk,7
0.026325659229134452,0.15936103927326414,0.0,0.0010092035329319138,0.5266580497480514,1601.1771246755327,0.9746835443037974,79,1.9283545385340986,1.3639107985503183,ivano-frankivsk,1
0.027334468058231278,0.15962913521552244,0.0,0.002018012362028747,0.5286756674062453,1601.20798687897,0.9746835443037974,79,2.002249785265441,1.3662053302147774,ivano-frankivsk,2
0.02834329089762273,0.1599155591221881,0.0,0.0030268352014201955,0.5306933130850282,1601.2316885675968,0.9746835443037974,79,2.076146058250865,1.3686567239873444,ivano-frankivsk,3
0.029351449790535337,0.1602201963742268,0.0,0.004034994094332801,0.5327096308708534,1601.2516678864897,0.9746835443037974,79,2.1499936971567135,1.3712639988871007,ivano-frankivsk,4
0.030359084429580647,0.1605429550144389,0.0,0.0050426287333781095,0.534724900148944,1601.2692698191229,0.9746835443037974,79,2.2238029344667822,1.3740263678871913,ivano-frankivsk,5
0.03136661539735689,0.16088369975307668,0.0,0.006050159701154356,0.5367399620844964,1601.285190855628,0.9746835443037974,79,2.2976045778563923,1.3769426730938883,ivano-frankivsk,6
0.0325747053896518,0.16226159849459634,0.0,0.006933679748626163,0.5452331514445963,1621.8226903110433,0.9743589743589743,78,2.386097169791994,1.388735586728475,ivano-frankivsk,7
0.5829586729370732,1.0182242249645557,0.004084711997029557,-0.0003726363526946682,7.774854925888015,19220.907394019683,0.620253164556962,79,2.262342929411423,1.594385304579264,kharkiv,1
0.6080494114856814,1.029573889019745,0.008164252558786635,-0.0007456204885805455,8.288444535549324,20820.5804334737,0.5949367088607594,79,2.3597149346397965,1.612157163800287,kharkiv,2
0.5964873025888278,1.0227785316725435,0.012246683242356993,0.01153998727788779,6.16999453593447,14415.098652417544,0.6075949367088608,79,2.314844763689093,1.6015166608264748,kharkiv,3
0.6346185718839438,1.0641701077827388,0.03363554662666701,0.023826505497222414,7.603863702491845,19217.32099491925,0.569620253164557,79,2.4628243915496095,1.6663296156407907,kharkiv,4
0.5462404288420059,0.982060485697596,0.02040014467687726,0.010795448676018431,6.476974713296877,16014.954869972793,0.6455696202531646,79,2.1198469622610294,1.5377583524480831,kharkiv,5
0.5841034986158147,1.0249344397493017,0.0244840420811824,0.048396850239409976,5.837315406443866,12813.78822904859,0.6075949367088608,79,2.2667857628401813,1.604892487163475,kharkiv,6
0.5015259791347101,0.8482306277988074,0.028558592857983598,0.06124677020000194,6.015667333536742,16218.3220808115,0.6666666666666666,78,1.9463193627347026,1.3282010137831273,kharkiv,7
1.1385579921327942,1.5899819962768946,0.9980412638038985,-0.0257515170935883,17.995155063867855,49640.33327334618,0.5316455696202531,79,1.895440293721072,1.3064149816929216,kherson,1
1.1135876953883188,1.5409091541087376,0.9986563019697726,-0.026185511400085168,12.212932546879472,30428.278869275942,0.5569620253164557,79,1.8538704247089624,1.2660940872721977,kherson,2
0.999690518957132,1.4509337550633152,0.9950620201463055,-0.03927859445759796,10.020525291595728,24023.192650386085,0.5822784810126582,79,1.6642575116729525,1.192165445581925,kherson,3
0.9738713257483896,1.42385873904727,0.9921435456088015,-0.03971350118369992,10.659643576930646,27223.473850150414,0.6075949367088608,79,1.6212744229788532,1.1699191518278054,kherson,4
1.1248427020298237,1.548456616039043,0.9917890698756853,-0.04014848574991507,12.20283731051662,30426.716856413484,0.5316455696202531,79,1.8726074528110133,1.272295489151336,kherson,5
1.1861860649784475,1.6139036932898696,0.9959907414913491,-0.07855860674945772,11.578159478799659,27225.42886268792,0.5443037974683544,79,1.9747302104470743,1.326070338444412,kherson,6
1.121101386210279,1.5721890424103508,0.9885001676306039,-0.054579585031748076,9.809235283272589,21088.637056882868,0.5641025641025641,78,1.866379012270521,1.2917953309331933,kherson,7
0.026281587536113545,0.15884336027375565,0.0,0.0009651318399110109,0.5265699063366932,1601.1797446547182,0.9746835443037974,79,0.3850252574040634,0.5332319973951313,khmelnytskyi,1
0.027246612095285398,0.1585946897839466,0.0,0.001930156399082864,0.528499955455037,1601.2116066906385,0.9746835443037974,79,0.3991628671959311,0.5323972186436269,khmelnytskyi,2
0.028211543146188123,0.15836584923852381,0.0,0.002895087449985588,0.5304298175568424,1601.2360312075912,0.9746835443037974,79,0.41329910709165596,0.5316290083708746,khmelnytskyi,3
0.029176033036813084,0.1581564134182171,0.0,0.0038595773406105566,0.5323587973380923,1601.2565993117623,0.9746835443037974,79,0.42742888398931167,0.5309259391296058,khmelnytskyi,4
0.030140187457191707,0.15796674129365953,0.0,0.0048237317609891766,0.5342871061788493,1601.274704543357,0.9746835443037974,79,0.4415537462478585,0.5302892159725681,khmelnytskyi,5
0.031104380928902674,0.15779676306853455,0.0,0.00578792523270014,0.5362154931222715,1601.2910670811216,0.9746835443037974,79,0.45567918060842416,0.5297186045957949,khmelnytskyi,6
0.03226526345238354,0.15864286449727044,0.0,0.006624237811357901,0.5446142675444187,1621.8290393020065,0.9743589743589743,78,0.4726861095774189,0.5325589395903843,khmelnytskyi,7
0.05142683580397685,0.22407188690546886,0.0,0.0007939244115718032,1.0508671328963792,3202.2819813416854,0.9493670886075949,79,1.4350536086252588,1.0848412114923927,kirovohrad,1
0.05222096813622881,0.22314306831120198,0.0,0.0015880567438237444,1.052455397560883,3202.3135030044477,0.9493670886075949,79,1.4572136822776232,1.0803443479948034,kirovohrad,2
0.05301501029052129,0.2222315142601792,0.0,0.002382098898116211,1.054043481869468,3202.3375878392476,0.9493670886075949,79,1.4793712395354988,1.0759310705653615,kirovohrad,3
0.041150793029340715,0.19061090625450472,0.0,0.01583433733313818,0.556308317297831,1601.3058377497907,0.9620253164556962,79,1.1483030816758886,0.9228402961235246,kirovohrad,4
0.041944643024558116,0.18959477314633894,0.0,0.01662818732835559,0.5578960172882659,1601.3236017415757,0.9620253164556962,79,1.1704552767805265,0.9179207005092601,kirovohrad,5
0.0427387716709493,0.18859825513720843,0.0,0.017422315974746767,0.5594842745810482,1601.339625769647,0.9620253164556962,79,1.1926152475798233,0.9130960711493298,kirovohrad,6
0.019771286971305233,0.1074429243877916,0.0,0.01823571616080878,0.03805490728191305,0.2499187464798293,0.9871794871794872,78,0.5517130554849937,0.5201835619312248,kirovohrad,7
0.15256154757490795,0.38905616991512565,0.001600159448677016,0.0007393144263422959,2.7715605257551665,8006.457457713089,0.8481012658227848,79,1.1461675240884108,0.801717884542402,kyiv,1
0.15322430839983955,0.3883806329373268,0.003240470783151806,0.0014785617839730642,2.755493389266074,8006.218046563323,0.8481012658227848,79,1.151146727209051,0.8003258231418869,kyiv,2
0.15370656204903396,0.3874836290820787,0.0,0.0022182385728935165,2.347159119556806,6405.56738296944,0.8481012658227848,79,1.1547698123171013,0.7984773907332381,kyiv,3
0.16672574191644213,0.4024852150601389,0.0,-0.009700671275779456,2.426529622426586,6405.852431166964,0.8354430379746836,79,1.252580573885065,0.8293907670144449,kyiv,4
0.16756929166073475,0.40209380793186983,0.008135412501783176,-0.008961570411440689,2.8235487479539607,8006.40078732207,0.8354430379746836,79,1.2589180117075713,0.8285842045714455,kyiv,5
0.1438176950052571,0.3698358258420769,0.0,-0.00822200542807635,2.2787986172787136,6405.13879033195,0.8607594936708861,79,1.0804765291420597,0.7621110236775985,kyiv,6
0.09575576824549104,0.2951963934852201,0.0,-0.0077922194254131365,1.2498577847544143,3244.037420486146,0.9102564102564102,78,0.719395899895612,0.6083034955110633,kyiv,7
0.0010072214299381836,0.0017328162664541594,0.0,0.0010072214299381836,0.0020144441003826963,0.07711915262601504,1.0,79,0.04918597982864797,0.010486760096029557,luhansk,1
0.002014656236219715,0.003465711135391639,0.0,0.002014656236219715,0.0040293137129457585,0.10903893959549257,1.0,79,0.09838237953539608,0.02097399588322239,luhansk,2
0.0030223969998127067,0.005198901222870062,0.0,0.0030223969998127067,0.006044795240131742,0.1335390618231557,1.0,79,0.1475937201575205,0.03146301829146369,luhansk,3
0.004030306615372713,0.006932296744617002,0.0,0.004030306615372713,0.008060614471251759,0.15419585894299762,1.0,79,0.19681330638403416,0.0419532839589767,luhansk,4
0.0050381861718149495,0.008665832929696353,0.0,0.0050381861718149495,0.010076373584136234,0.17239203089053218,1.0,79,0.24603142472363004,0.05244440090117466,luhansk,5
0.006046523833173839,0.010399679620925948,0.0,0.006046523833173839,0.01209304890685401,0.18885212533043927,1.0,79,0.29527191385332247,0.06293739698288037,luhansk,6
0.006931799294472972,0.01206442999800262,0.0,0.006931799294472972,0.013863599845356194,0.19998672650637692,1.0,78,0.33850286554676345,0.07301223189881842,luhansk,7
0.07687617944044524,0.3557983759649954,0.0,0.001009652312283841,0.5244042813078951,3.7071389959887684,0.9493670886075949,79,1.8770600480042046,1.4354944543300745,lviv,1
0.07780140083641975,0.3558216414300335,0.0,0.0020190869339458454,0.4731459353298193,2.626124221667487,0.9493670886075949,79,1.8996508704225823,1.4355883205427826,lviv,2
0.05353642210091327,0.27568112687853513,0.0,0.0030284617657404364,0.2924686874991324,1.4814594007052635,0.9746835443037974,79,1.3071809729639658,1.1122555793693023,lviv,3
0.07965349258190213,0.35589466436698247,0.0,0.004037206874156279,0.42465126087795274,1.8956039840237793,0.9493670886075949,79,1.9448727772081105,1.4358829368988717,lviv,4
0.08078705538082435,0.3565288765628691,0.0,0.005045717450854101,1.2160245415963211,3202.906167101345,0.9493670886075949,79,1.972550602215128,1.4384417121816269,lviv,5
0.08175396355817173,0.3567046373382059,0.0,0.00605416076994683,1.2134328625808293,3202.8731795078547,0.9493670886075949,79,1.996159276878693,1.4391508318272703,lviv,6
0.08356607763238431,0.35916246278034075,0.0,0.006938467177806316,1.2266005148483496,3243.9047869303545,0.9487179487179487,78,2.0404050621907173,1.449067107533495,lviv,7
0.1273249869927947,0.35515142618423834,0.0,0.0006751891555375677,1.8769027903186117,4805.315992580437,0.8734177215189873,79,0.6602871006882982,0.6861396944873122,mykolaiv,1
0.1531663482184691,0.3883191085780501,0.0,0.0013501767699139286,2.7708517652859683,8006.449703297727,0.8481012658227848,79,0.7942962836816185,0.7502184557893614,mykolaiv,2
0.15379890441739094,0.38762481730969556,0.0,0.0020249933445968178,2.761737114421077,8006.306479520962,0.8481012658227848,79,0.7975766193680627,0.7488771102008832,mykolaiv,3
0.12998146349612671,0.35394319192548146,0.0,0.0026994909232675554,2.232008895332762,6405.126429153752,0.8734177215189873,79,0.6740631646790287,0.6838054296525077,mykolaiv,4
0.1431868645501081,0.3705860491172634,0.0,-0.009284812144601124,2.314771974004118,6405.439871221578,0.8607594936708861,79,0.7425442710297641,0.7159588270685195,mykolaiv,5
0.13017361282669979,0.3509765470785326,0.0,0.004047840275051971,1.8066877907830807,4804.31341683681,0.8734177215189873,79,0.6750596204995227,0.6780739792376587,mykolaiv,6
0.1584146170519362,0.38782419948005004,0.005735857712244734,0.004568463205782357,3.1973316717110127,9729.959628892286,0.8461538461538461,78,0.8215129698445541,0.7492623093338927,mykolaiv,7
0.05153700446459059,0.22410350805670115,0.0,0.0007007936252827285,1.050884991422514,3202.282078974316,0.9493670886075949,79,0.2000045338824509,0.398851838924339,odesa,1
0.07735122535979655,0.2733729532871514,0.0,0.0014018582711889547,1.5767226420319786,4803.415850073096,0.9240506329113924,79,0.30018422556848195,0.48653993003612594,odesa,2
0.07805198016686576,0.2722881958754475,0.0,0.002102613078258169,1.5781241516461166,4803.439761470209,0.9240506329113924,79,0.30290371111114794,0.4846093155080596,odesa,3
0.07875257168281966,0.27121965956116223,0.0,0.0028032045942120573,1.5795253346780247,4803.459814372967,0.9240506329113924,79,0.3056225629545187,0.4827075707401808,odesa,4
0.07893642638029681,0.26920881016047754,0.0,0.003503378463104831,1.1548299590132003,3202.6787055803916,0.9240506329113924,79,0.3063360652904234,0.47912872903342774,odesa,5
0.078914124183095,0.26681744361920595,0.0,0.00420375818205573,0.7209102631330642,1601.8341104085687,0.9240506329113924,79,0.3062495150416799,0.4748726557983448,odesa,6
0.08021152740892218,0.2670890474976272,0.0,0.004752562816858145,0.7232345935599065,1622.3298584461172,0.9230769230769231,78,0.3112844706068106,0.4753560471888084,odesa,7
0.1524094701932785,0.3888830015704828,0.0,0.0005909762850227957,2.0007399563952966,4805.730492015848,0.8481012658227848,79,2.3503144614016107,1.527129862998373,poltava,1
0.12783768379314864,0.35395569382649944,0.0,0.0011820532859353086,1.8275549759361576,4804.514223204623,0.8734177215189873,79,1.9713916500732924,1.3899715545236735,poltava,2
0.1781391108738643,0.4178968141294943,0.0,0.0017734498490103224,2.4440931779094375,6405.822604863973,0.8227848101265823,79,2.747092604528539,1.6410660839680962,poltava,3
0.17844716550314627,0.4168977924963518,0.0,0.0023648215575382916,2.423418159006649,6405.646480626288,0.8227848101265823,79,2.751843131180098,1.637142961168714,poltava,4
0.17913762158291743,0.4163718387964144,0.0,0.0029559740521870946,2.8261536880989695,8006.2711046363165,0.8227848101265823,79,2.7624906907260427,1.6350775594965268,poltava,5
0.1556816917047978,0.38573686169401095,0.0,0.003547703969963322,2.308305674103899,6405.2216533498,0.8481012658227848,79,2.4007755615529347,1.5147750824110828,poltava,6
0.13215718933364373,0.3519154979544548,0.0,0.003978656733810823,1.7854233948553162,4865.567001154464,0.8717948717948718,78,2.038002972355664,1.3819597771253738,poltava,7
0.026313035305613665,0.1590397763217239,0.0,0.0009965796094111331,0.5266328018756934,1601.1798148978826,0.9746835443037974,79,2.569906448181601,1.2174596159685909,rivne,1
0.02730928637553249,0.15898716332505536,0.0,0.0019928306793299605,0.5286253040155311,1601.211734192131,0.9746835443037974,79,2.667206969343673,1.2170568601285081,rivne,2
0.028305501245188255,0.15895328979817064,0.0,0.002989045548985722,0.5306177337548427,1601.236222367031,0.9746835443037974,79,2.76450395494672,1.2167975561230173,rivne,3
0.02930146699704461,0.15893887084226108,0.0,0.0039850113008420805,0.5326096652585554,1601.2568562331078,0.9746835443037974,79,2.86177661004469,1.2166871780972786,rivne,4
0.030297102526263373,0.15894343935543673,0.0,0.004980646830060846,0.5346009363169929,1601.275026841032,0.9746835443037974,79,2.9590170133983893,1.2167221503565775,rivne,5
0.031292809537064106,0.1589667190569479,0.0,0.005976353840861578,0.5365923503385943,1601.2914558735924,0.9746835443037974,79,3.056264398119928,1.2169003579541808,rivne,6
0.032487928542707344,0.16001328420684566,0.0,0.0068469029016817035,0.5450595977250662,1621.8294997799976,0.9743589743589743,78,3.172987687671084,1.2249118808256865,rivne,7
3.3551337566046437,4.504757071701436,2.998024703621632,-0.014046111420596814,14.795803664935267,27229.840146195325,0.9113924050632911,79,4.726222070601733,2.867715325400197,sumy,1
3.4065728577876264,4.218157258731212,2.998801459643434,-0.11669981318901827,10.970023712294715,19219.365645923117,0.8987341772151899,79,4.798681958325839,2.6852667132265076,sumy,2
3.3310610154786477,4.350986613655884,2.975947788083299,-0.11808762030349318,15.050872120853905,32025.418093847802,0.8987341772151899,79,4.692311911227134,2.7698254964677607,sumy,3
3.484515743737589,4.578214408470564,2.9879146426502556,-0.17010794859111092,15.450112979978076,32025.77888285549,0.8987341772151899,79,4.908476504399585,2.914478053570209,sumy,4
3.080689153782609,4.335716140155622,1.996661481367981,-0.24744495366555264,15.113298459874446,32024.95996939325,0.8987341772151899,79,4.33962462528031,2.760104357195254,sumy,5
3.2165966623187785,4.005383928815444,2.9964082993873853,-0.21085709859970336,12.692504552848257,27221.314071537137,0.8987341772151899,79,4.531071259900972,2.549815826680606,sumy,6
3.6725011911837284,4.496634868547867,3.059887261609362,-0.2408198506488483,14.082528786457173,29192.21374324561,0.8974358974358975,78,5.17328292796554,2.8625447543596803,sumy,7
0.051489857523225754,0.22434804627485436,0.0,0.0008569461308207004,1.050993176334877,3202.2821443330836,0.9493670886075949,79,1.371502568573195,1.0650853862170953,vinnytsia,1
0.052347018936581606,0.22369480438342257,0.0,0.0017141075441765483,1.0527074991615888,3202.313801895549,0.9493670886075949,79,1.3943342316744007,1.061984140613305,vinnytsia,2
0.05320398441000127,0.22305760886091297,0.0,0.002571073017596193,1.0544214301084278,3202.3380172731536,0.9493670886075949,79,1.4171606756482156,1.0589590746479145,vinnytsia,3
0.05406075396854762,0.2224373135661817,0.0,0.0034278425761425685,1.0561349692255209,3202.3583757492547,0.9493670886075949,79,1.4399819011622228,1.0560142419893404,vinnytsia,4
0.05491727286648455,0.2218334348245706,0.0,0.004284361474079491,1.0578480070213945,3202.376271507691,0.9493670886075949,79,1.4627964499890882,1.0531473464071557,vinnytsia,5
0.06807019752032362,0.24747933700268349,0.0,-0.007516943953148756,1.14176293090463,3202.714458486531,0.9367088607594937,79,1.813142533950438,1.1749004709821602,vinnytsia,6
0.056714709463102086,0.22111241284835384,0.0,0.005860731307435269,0.6480271230957678,1622.173173067782,0.9487179487179487,78,1.5106736247899009,1.0497243169546548,vinnytsia,7
2.645114886222354,3.4504990205770003,2.003488253571608,0.0631097558892927,34.21559231313655,78485.92548716499,0.4810126582278481,79,2.3994385810004637,1.4346001350244917,zaporizhia,1
2.961945939874974,3.7678454317211245,3.0081644262454947,0.05027089656364734,37.58089596697032,86486.61875383975,0.4936708860759494,79,2.686842601806091,1.5665419792510604,zaporizhia,2
2.7086085509554136,3.4987617848362573,2.9928427372552298,-0.025858620236487176,35.32059265071494,83279.10440181529,0.5316455696202531,79,2.457035001331072,1.4546661508993224,zaporizhia,3
2.795917328980919,3.595812569306175,2.986022669297593,-0.08932995544049213,41.95621767694223,104090.39694743163,0.4177215189873418,79,2.536234604926964,1.4950165662086692,zaporizhia,4
2.9103073532464454,3.7327189607035063,3.0,-0.15280131640494055,37.67652096694256,89679.0652542905,0.4810126582278481,79,2.640000168734392,1.551937587316939,zaporizhia,5
2.9097709996805663,3.6561799574025624,3.0039863655553543,-0.22893099076082865,39.0255585565141,96080.04704610215,0.5569620253164557,79,2.6395136312891827,1.5201152729747622,zaporizhia,6
1.9866605882156245,2.918499618290039,1.0,-0.27072338951227526,23.919439535823326,58387.09293974994,0.5897435897435898,78,1.8021410289386315,1.2134128778183737,zaporizhia,7
0.051634143161855536,0.2245409357214084,0.0,0.0007980637156675985,1.051079399146839,3202.282213909296,0.9493670886075949,79,1.1637541497248978,0.9321909398480416,zhytomyr,1
0.07754617021017664,0.27408875626733364,0.0,0.0015968031215690295,1.5771125317327388,4803.416155985437,0.9240506329113924,79,1.747771374737058,1.1378907569158496,zhytomyr,2
0.07834459961752638,0.273360516130558,0.0,0.002395232528918766,1.578709390547438,4803.440252300654,0.9240506329113924,79,1.7657667452257868,1.1348674380036214,zhytomyr,3
0.07914284754918954,0.27264754936479796,0.0,0.0031934804605819388,1.5803058864107646,4803.46049236149,0.9240506329113924,79,1.7837580255317336,1.131907527120027,zhytomyr,4
0.07994112067846032,0.27195032964044913,0.0,0.003991753589852713,1.5819024326693063,4803.478269778648,0.9240506329113924,79,1.8017498737529902,1.1290129907272166,zhytomyr,5
0.0798228571354572,0.26957353003817847,0.0,0.004790486181833125,0.7406638436740993,1601.978696077365,0.9240506329113924,79,1.7990843954376121,1.1191456093165497,zhytomyr,6
0.08055352452223377,0.26897068696109994,0.0,0.005446649417249193,0.3032204556331713,1.088057339458241,0.9230769230769231,78,1.8155525142318842,1.1166428814607259,zhytomyr,7
