MAE,RMSE,MedAE,ME,PoissonDev,TweedieDev,ZeroAcc,n,MASE,RMSSE,region
0.024725552276318712,0.11188507644280468,0.01143950686265378,-0.00020420403526063617,0.10609069768688185,0.7112953817851965,0.9873417721518988,553,0.3622293408480691,0.3755945649064749,khmelnytskyi
0.10691250074006542,0.19613772166433183,0.0745464671740386,0.036155062187921805,0.27690418076244816,1.3663216133484042,0.9620253164556962,553,0.41490546644820087,0.34907927879672335,odesa
0.11456187028647816,0.27357207712445347,0.044212641393438536,-0.03612167122701974,0.47631640430123423,2.021344267855419,0.9222423146473779,553,0.5940996105121787,0.5285313462913033,mykolaiv
0.13049637808895936,0.3281255053173517,0.05272086066669466,-0.03902014130288219,0.4920412377752949,1.8469026488831648,0.9240506329113924,553,0.6319907236374396,0.40067525536377163,donetsk
0.02367114332558729,0.11237901197898002,0.010669031636488373,-0.0014589127881932066,0.16015061927310845,2.7456683863871736,0.9873417721518988,553,0.7706272215996751,0.6412062767140903,cherkasy
0.10800553521698755,0.2791648919360259,0.03418209568035622,-0.05021418589884803,0.4974805553543741,2.13776617675892,0.918625678119349,553,0.8114262004763423,0.5752677991208427,kyiv
0.018186521275797285,0.01898004371398824,0.01921252122437318,0.018186521275797285,0.03637304256967775,0.529687610839248,1.0,553,0.8881084556347675,0.11486455251718053,luhansk
0.04135354603248305,0.16358706176550217,0.015372762111435172,-0.01227973369063754,0.22061449411892664,1.3078572516058427,0.972875226039783,553,1.101508089774321,0.776624498201206,vinnytsia
0.041009876666127196,0.14051476579019107,0.020690755323216195,0.0019289616355270735,0.1676264691004891,1.0555392177015677,0.9801084990958409,553,1.1443708441119305,0.6803004645411419,kirovohrad
0.058192730553572325,0.19148611841782556,0.023232172805519338,-0.015925372736084038,0.2534546545575026,1.286820265547257,0.9620253164556962,553,1.3115746193997455,0.7949625048202171,zhytomyr
0.05528597031573467,0.24953229537341604,0.018224525331622863,-0.01974055053451059,0.2999591941286648,1.415764131002772,0.9746835443037974,553,1.3498991085425216,1.0067562147052462,lviv
0.0207339367961122,0.11268229956562019,0.007005271790661057,-0.004519406505999468,0.19264205563686929,229.76742625036465,0.9873417721518988,553,1.5187608703152184,0.9644051386957503,ivano-frankivsk
0.948550065765597,1.342669850576679,0.7224508289562971,-0.7072276906782015,2.641231209688203,4.198992376498678,0.4810126582278481,553,1.5791202799393176,1.1032099812250307,kherson
0.10559723526674057,0.29158456467336863,0.02200031522445895,-0.06754143671572167,0.5449539178457744,2.320161590891094,0.9113924050632911,553,1.6284205227976312,1.1450423250792974,poltava
0.44743407517447636,0.7956845067619939,0.1158075850886021,-0.29702596745929066,1.588351106852013,3.6930492443840275,0.6980108499095841,553,1.7363997884254514,1.2459217268248395,kharkiv
1.234546211493378,1.7273213227903959,0.5248601916852073,-0.884991574334392,2.8195409669576033,3.543155192267316,0.4484629294755877,553,1.982038575164711,1.5197564751251846,dnipropetrovsk
2.2146426259504857,2.9415636489886103,0.7725268331096793,-1.5731409682944868,5.563518772805079,5.701393332457269,0.546112115732369,553,2.008948264407097,1.2230021173333139,zaporizhia
0.027656462532915243,0.11231751733649539,0.015439392062461766,0.0026328338634558704,0.1181766026255866,0.8597775069416816,0.9873417721518988,553,2.701114507381389,0.8597977479949277,rivne
0.8508392659607573,1.368861625777855,0.1400602893189022,-0.7674488526673879,4.08114904827858,8.720941249623788,0.5443037974683544,553,5.304168189925572,3.1594538368765495,chernihiv
3.962548937165811,5.007108869964454,3.388305017018592,-3.9113443650069533,12.704336860113461,10.886435005373396,0.7721518987341772,553,5.581859800911455,3.1875110275194003,sumy
