Feature,h1_gain,h2_gain,h3_gain,h4_gain,h5_gain,h6_gain,h7_gain,h1_perm,h2_perm,h3_perm,h4_perm,h5_perm,h6_perm,h7_perm,agg_gain,agg_perm
ewm_ewma14_act_drone_strike_on_rus_in_rus_nofpv_pastcov_lag-14,480.15862917900085,1017.37287068367,868.1663693189621,1011.8972381353378,276.18912076950073,385.20255982875824,72.70644080638885,0.041269159118221266,0.07611662340945187,0.05371912739040845,0.07953939072601324,0.020999739837250807,0.028469564310021588,0.004354288925441785,587.3847469602313,0.043495413388115564
ewm_ewma14_acled_other_ua_disrupted_weapons_use_pastcov_lag-1,1152.5623534917831,1042.2234609127045,976.4156851172447,350.8550019264221,330.67019560933113,524.9807007312775,607.0540627986193,0.06334891541279866,0.05562734414346297,0.0484320459535718,0.025982974346303055,0.020584804139052927,0.032144566034497314,0.02846722561306956,712.1087800839117,0.03922683937753661
ewm_expdecay7_act_total_damage_events_pastcov_lag-7,405.3160916566849,254.7202109992504,676.8038538098335,782.7472429275513,207.5684996843338,441.0073818564415,463.4573884010315,0.039455240189024465,0.008452618253472433,0.09575592868045157,0.06103770838949747,0.012038114314348026,0.021059053560483786,0.027543678626956725,461.66009561930383,0.03790604885917635
ewm_ewma14_acled_other_ua_disrupted_weapons_use_pastcov_lag-14,374.4176687002182,235.2091776886955,290.88936018943787,442.6007385253906,349.91308429837227,357.8266497850418,402.2577391862869,0.03643106017604305,0.02936657673044536,0.02934476468629228,0.04845731143641292,0.04296696565308378,0.03392495675861833,0.031118186031392447,350.4449169104919,0.03594426021032688
ewm_expdecay7_act_total_daily_strike_events_pastcov_lag-14,286.1617776155472,132.28187984228134,270.91324150562286,906.2089315652847,520.8335360884666,147.639399766922,556.8139401674271,0.022354388846154195,0.009685289965436694,0.03580432749424232,0.10798978450466176,0.01420020193279956,0.008521710316654274,0.04741708966117262,402.97895807879314,0.03513897038873163
ewm_expdecay7_acled_other_ua_disrupted_weapons_use_pastcov_lag-1,227.45842063426971,242.9934087842703,107.25688743591309,467.5022015571594,480.73226618766785,463.1524394750595,821.1576706618071,0.016124487339476336,0.01307513627725021,0.004813486369952935,0.045638591538924425,0.044839955042172266,0.04792665719319291,0.06993796203473783,401.4647563908781,0.034622325113672414
ewm_ewma14_fin_usd_rub_rate_pastcov_lag-1,143.29749035835266,71.28308057785034,137.7734397649765,490.7150173187256,296.0022072196007,294.6668747663498,1723.903570652008,0.006331904768554964,0.0014239166222443256,0.007024603571220478,0.04453784111766661,0.00955807005863325,0.016286364442649658,0.11828671866871661,451.0916686654091,0.02906420274995513
ewm_expdecay7_act_total_daily_strike_events_pastcov_lag-7,681.4826793670654,886.2491163015366,221.08376944065094,196.0221031308174,115.6841710805893,135.7493199110031,400.92450058460236,0.025128316084923406,0.10664254880496118,0.008122003632551,0.012459992211318372,0.00800861406269393,0.012286523015057681,0.027036545372087505,376.7422371166093,0.028526363311941867
ewm_expdecay7_acled_other_ua_disrupted_weapons_use_pastcov_lag-14,113.83782744407654,236.99016988277435,399.55244064331055,385.79215121269226,341.9631331562996,311.7188808917999,450.66773200035095,0.00530437355183695,0.02147978751748909,0.052916138298146544,0.04163591999257057,0.032940173249102964,0.01968633907036226,0.024000079255861295,320.07461931875775,0.028280401562195665
ewm_ewma14_act_total_damage_events_pastcov_lag-1,305.9171597957611,235.7732411623001,397.54548448324203,763.0126376748085,215.624109685421,299.01582396030426,133.53535115718842,0.022149569956544934,0.016904420256118068,0.03665211611808128,0.0657820771279779,0.015532715769071559,0.031037123196388693,0.005220452691708233,335.7748297027179,0.027611210730841523
ewm_expdecay7_com_aid_humanitarian_pastcov_lag-7,505.33980843424797,323.49902215600014,540.1559598743916,439.91239964962006,387.5198403596878,766.7391320466995,311.84023928642273,0.014114714136491523,0.011575345627428702,0.019724618131594852,0.02078680020525192,0.02599051659970828,0.0692323495928383,0.021774042015702787,467.85805740100994,0.026171198044145198
ewm_ewma14_acled_other_rus_shelling_artillery_missile_attack_pastcov_lag-14,635.6831333804876,449.02215051651,515.6463016867638,675.8755440413952,330.9658920764923,145.8834501504898,98.39663970470428,0.03743847546447852,0.03090111976003853,0.03678107366220542,0.049682018150897435,0.01760999897228428,0.0071457772814665695,0.0033002167141844784,407.3533016509776,0.026122668572222174
ewm_expdecay7_act_total_damage_events_pastcov_lag-1,209.87505090236664,807.0732144713402,516.6701858043671,351.4715408086777,376.74083960056305,210.43225002288818,417.7513399720192,0.00915962029766062,0.037151477553597954,0.023013334057920453,0.023583279698436342,0.022922585668126327,0.013298874651124027,0.04713568177820564,412.8592030831746,0.02518069338643877
ewm_expdecay7_com_aid_humanitarian_pastcov_lag-1,434.46119010448456,526.2188295125961,531.4045621156693,120.24050903320312,321.6544791460037,980.739835858345,691.0227598547935,0.018833834912151626,0.023627985222226932,0.04358273215070245,0.0047241210097899835,0.013091633994400853,0.038479457467595644,0.0277072287312341,515.1060236607279,0.024292427641157372
env_weather_pressure_msl_max_futcov_lag6,354.9477489590645,556.8650096654892,272.54715871810913,257.9532047510147,1112.6054109334946,167.9389204978943,117.69269943237305,0.033008732035051544,0.022206724070046025,0.016307761254452213,0.01736979394301057,0.06691889156451791,0.007012321311440206,0.003587067398230914,405.79287899391994,0.023773041653821336
ewm_expdecay7_com_aid_humanitarian_pastcov_lag-14,356.38243824243546,285.9927637781948,474.4720766544342,132.25835698843002,327.9272983074188,521.613379240036,914.2793635874987,0.019122549484282648,0.008026949207571809,0.018968014163874634,0.005365981032496104,0.012303258968022224,0.03514019175032761,0.06075285174223557,430.4179538283497,0.022811399478401516
env_weather_cloud_cover_mean_futcov_lag6,809.8789142370224,254.3606104098726,469.299108505249,257.6884092092514,186.8628956079483,376.7884273529053,279.5776877403259,0.07422900317838814,0.00963797485569078,0.016003630446326668,0.009566455264756168,0.01045060152159365,0.0226422346728014,0.015492907286710267,376.350864723225,0.02257468674660958
env_weather_wind_direction_10m_dominant_futcov_lag3,570.3711172938347,444.97151720523834,182.78887647390366,159.2776402235031,908.1520682573318,382.36886571347713,462.4217920303345,0.032874129353166914,0.02313885442377035,0.01033339890541709,0.010510253825115456,0.03440305757477062,0.019911809568608496,0.02401584910964749,444.3359824568033,0.022169621822928063
env_weather_cloud_cover_mean_futcov_lag-2,703.5192520618439,491.242519069463,238.72130072116852,506.3485262095928,631.971145272255,185.63964119553566,230.54832249879837,0.040280822841915274,0.019793028204555686,0.007944831435116307,0.0217559325182084,0.04087553619197219,0.009814033076042627,0.00938183136075581,426.85581528980816,0.021406573661223758
env_weather_wind_direction_10m_dominant_futcov_lag0,296.12595069408417,643.1541287451982,271.22975981235504,434.3081586956978,533.1385837197304,227.4773806333542,471.5199319720268,0.01749413916792699,0.026652564255425105,0.012703865263166603,0.01696785626704418,0.047338135935535305,0.010909312132592075,0.016412659912568593,410.99341346749236,0.021211218990608408
ewm_expdecay7_act_total_daily_strike_events_pastcov_lag-1,106.61523997783661,200.7763787508011,643.0330100059509,295.00090074539185,621.5993775762618,116.75258028507233,599.4839491844177,0.007769249033690651,0.00915476266374,0.030830344966295952,0.01927619213937719,0.053742706413032956,0.004052028746177383,0.02214133486929144,369.0373480751046,0.020995231261657938
env_weather_cloud_cover_mean_futcov_lag1,345.5522702932358,477.25450080633163,291.98758018016815,635.3736009001732,192.32672107219696,442.74820935726166,502.89602839946747,0.018751035143011175,0.018049066329636054,0.01398269511423178,0.043065730733513476,0.009116457237363563,0.01437342599307867,0.028075621627851155,412.5912730012621,0.020773433168383697
env_weather_cloud_cover_mean_futcov_lag0,301.82192009687424,230.77362179756165,829.0375774800777,240.24826049804688,233.35119706392288,554.1075845956802,472.93158733844757,0.012827467164167694,0.008934604451914718,0.05146977097652339,0.0092123333189148,0.007729249247208791,0.028661803670621412,0.026281671049241794,408.89596412437305,0.020730985696941796
ewm_expdecay7_total_ru_area_km2_pastcov_lag-7,148.45066034793854,89.375048995018,591.5038491487503,452.20414674282074,111.27503037452698,287.97527861595154,219.80303025245667,-0.00010012855747447702,0.005310314806995087,0.03467417405950868,0.036771097719126414,0.006860901596780433,0.05361620917143288,0.004322114575974201,271.51243492535184,0.020207811910334748
ewm_expdecay7_fin_usd_rub_rate_pastcov_lag-1,217.34620988368988,146.24192732572556,493.53547286381945,488.98968148231506,368.23099184036255,297.4574816226959,507.7053596973419,0.02323379094650051,0.006109594070601476,0.02523486275406106,0.020711984412688688,0.011301549937418809,0.01100262188888541,0.042939992921887105,359.9295892451358,0.020076342418863295
env_weather_wind_direction_10m_dominant_futcov_lag2,374.90978664159775,198.03971716295928,187.2771097421646,936.585800409317,370.7046049833298,354.1075560450554,531.6684130430222,0.018105161154134297,0.008409375922007079,0.005852567768160011,0.04785910365841393,0.01136675163378611,0.01796246009689797,0.028277661901193983,421.89899828963513,0.019690440304941912
env_weather_pressure_msl_min_futcov_lag6,175.32280665636063,146.49962571263313,613.1200050413609,229.13995969295502,174.2124553322792,441.3524715900421,232.32112956047058,0.010222219133229248,0.00532806505058323,0.0602574642986111,0.011957045812120004,0.008107177930799004,0.028105255200792923,0.009305201651095451,287.4240647980145,0.019040347011032993
env_weather_pressure_msl_max_futcov_lag5,483.72131026536226,230.2635918855667,399.16056002676487,902.6466709375381,124.72610464692116,56.19188302755356,75.84260046482086,0.02032038676861301,0.011014074104621695,0.026304597712455236,0.06252753337263854,0.007138125524293493,0.0017363529403410904,0.0020066611686945014,324.6503887506468,0.018721104513093934
env_weather_cloud_cover_mean_futcov_lag-1,291.67533028125763,527.1486770510674,416.8521157503128,295.01571786403656,372.4384603500366,589.0212010145187,185.49453997612,0.007352802288121918,0.04263529576330849,0.01720932683880607,0.01048311171205547,0.014647499780806572,0.03010969966843726,0.007822819540243154,382.5208631839071,0.018608650798825562
env_weather_pressure_msl_min_futcov_lag4,970.8321052789688,218.79811551608145,197.27404022216797,195.1098403930664,142.9499887228012,323.4985529780388,98.48085963726044,0.06893445080824452,0.007277307975700453,0.007598967961773307,0.011534744285881393,0.005984004285962752,0.023353274766454435,0.005028820701067804,306.7062146783407,0.01853022439786924
env_weather_wind_direction_10m_dominant_futcov_lag-2,268.28483486175537,384.0839871354401,442.6612723171711,217.74342834949493,232.0540590286255,271.30241972208023,546.097486615181,0.014595839614681073,0.02145301625150171,0.037610725360789264,0.007269168088811973,0.007577177212002373,0.01367468959181346,0.026295999373830158,337.46106971853544,0.018353802213347148
ewm_ewma14_fin_usd_rub_rate_pastcov_lag-7,1022.7982524633408,135.79552006721497,103.68852996826172,160.03508013486862,264.775638371706,84.22193014621735,48.573890209198,0.09062187331716046,0.009888075945006403,0.0028174655283602855,0.00609682258740929,0.012689513209256643,0.003733978618215672,0.0024235116765653373,259.98412019440104,0.01832446298313916
ewm_ewma14_acled_other_rus_shelling_artillery_missile_attack_pastcov_lag-1,377.33412209153175,383.91205286979675,296.4246778488159,231.65708982944489,501.9696683511138,169.55641961097717,244.84676557779312,0.021285959625708718,0.021696079133256285,0.015326846103349268,0.013274825099945264,0.030236023760761222,0.007355575194798547,0.016324606818155552,315.1001137399248,0.01792855939085355
env_weather_cloud_cover_mean_futcov_lag2,267.93140199780464,425.7074365615845,455.4266676902771,364.6462209224701,543.4536252617836,373.22474578022957,139.86564920842648,0.01108504958141605,0.020839139743004508,0.019821076197368705,0.015983496797765118,0.03866377717007034,0.014027083864061596,0.004998706632065919,367.1793924889394,0.017916904283678894
env_weather_wind_direction_10m_dominant_futcov_lag5,312.8687797188759,137.30338221788406,559.9683454036713,271.07197093963623,73.32513976097107,285.3814800977707,693.2088840454817,0.01859665219902229,0.007089077370256991,0.03948465461220692,0.013166113659801425,0.002621864850983302,0.01319302712713959,0.03114738048381256,333.3039974548987,0.017899824329031866
ewm_ewma14_fin_usd_uah_rate_pastcov_lag-1,402.712788939476,476.1454702615738,552.7753002494574,172.1116007566452,209.9929928779602,163.76897966861725,248.71797060966492,0.02594632931087324,0.023912253428971277,0.03329032875550826,0.008731851313718364,0.006090641677902853,0.007275645645225403,0.016844531847862877,318.03215762334213,0.017441654568580326
ewm_expdecay7_total_ru_area_km2_pastcov_lag-1,890.8472264409065,181.0767698287964,153.97854924201965,9.986719012260437,124.00118952989578,116.57641017436981,313.03409028053284,0.08118248113714184,0.005891374474733602,0.011743696607919652,0.0007765055287832556,0.005254194607403129,0.0025098608131445934,0.014202797986952476,255.6429935012545,0.017365844450868365
env_weather_cloud_cover_mean_futcov_lag4,409.3451555073261,193.9915591776371,286.891933709383,234.82492154836655,424.8255521059036,128.52220034599304,500.56789737939835,0.01353588016193683,0.007584200253677564,0.013310704933398499,0.030183573553180243,0.01902811442573702,0.005251389857445376,0.0316269414293225,311.28131711057256,0.017217257802099716
env_weather_wind_speed_10m_max_futcov_lag0,157.7448655962944,244.48161053657532,26.85494488477707,206.36613190174103,606.6102749407291,433.7077654004097,391.47559130191803,0.0060379780253487555,0.012735014919123655,0.0004988394899509086,0.014903566268322987,0.04160481151485429,0.02112898432975472,0.023333439819025203,295.3201692232064,0.017177519195197215
ewm_expdecay7_fin_usd_rub_rate_pastcov_lag-7,513.4775693416595,723.0566897392273,310.8340663127601,201.7123794555664,192.89898085594177,129.61383938789368,53.489529848098755,0.03403467276282712,0.04882473512990597,0.01404373520412885,0.008555164162790096,0.007087754389894218,0.0045131004013507555,0.0010598404303105101,303.5832935630211,0.016874143211601075
env_weather_wind_direction_10m_dominant_futcov_lag4,163.32130339741707,451.15313988924026,338.3163145184517,121.16487181186676,252.18115758895874,697.1984795331955,281.9747321456671,0.008106967356812222,0.025566212303114354,0.015722831798912495,0.006101499361170703,0.013631880012524555,0.0372626253914591,0.011527038522599753,329.3299998406853,0.01684557924951331
env_weather_wind_direction_10m_dominant_futcov_lag-1,461.966593503952,307.12539380788803,299.0625148899853,651.5676196813583,164.06319126486778,337.58915078639984,365.0001598596573,0.022581004714220552,0.013708046136897311,0.01705611043384252,0.031490257002594425,0.005375711706092146,0.013073445000733574,0.013390665179657101,369.4820891134441,0.016667891453433947
env_weather_wind_speed_10m_max_futcov_lag1,220.31146723031998,271.28592638112605,183.74886414408684,197.09509027004242,249.08587980270386,746.2538256645203,296.89850902557373,0.00602018429699851,0.011149096464934338,0.011642950588237944,0.0075132303870053315,0.014752638294000597,0.05028688863551347,0.012519358774545264,309.23993750262474,0.016269192491605067
ewm_expdecay7_dist_to_nearest_contested_km_pastcov_lag-1,62.54480981826782,48.06444185972214,120.84110057353973,191.60626089572906,178.04594829678535,124.20884931087494,128.10872077941895,0.0038953771500515933,0.003128200963800065,0.017998767152878424,0.03736856820088832,0.020439568856485724,0.015760594589814558,0.013584569123526458,121.91716164776257,0.01602509229106359
env_weather_wind_direction_10m_dominant_futcov_lag1,300.0178700685501,183.7887567281723,763.2520436663181,242.29319769144058,239.93229973316193,527.5498714148998,272.4555904865265,0.013247419937270433,0.006958435639236415,0.036212720580370686,0.008815350494115571,0.007507787283672606,0.02833527027861853,0.010285348698954921,361.327089969867,0.01590890470174845
env_weather_cloud_cover_mean_futcov_lag3,282.2246506214142,199.08840018510818,203.20569908618927,290.20790004730225,101.17750430107117,475.7784405350685,333.27420169115067,0.011416366240079735,0.0097968688800814,0.02011750187540069,0.011958410822632137,0.0028192943238128042,0.039674913603901206,0.015424793411183723,269.27954235247205,0.0158868784510131
rolling_rsum7_7_com_diplo_bluesecondary_ua_pastcov_lag-14,184.80747985839844,141.22305989265442,116.01287913322449,311.05742955207825,190.59341949224472,179.28580951690674,485.7080285549164,0.006550698397383181,0.004930945881831761,0.017334236591340212,0.021875356993389383,0.016065301371931497,0.01179377605598333,0.03177073456051545,229.81258657148905,0.01576014997891069
env_weather_wind_gusts_10m_max_futcov_lag1,134.6323161125183,300.2026000022888,523.9149487018585,204.2206311225891,158.00475096702576,549.4448017179966,318.13237023353577,0.003969020667918444,0.010879799717392257,0.026045035346893664,0.009788792866675555,0.009673143830336618,0.03510848144078531,0.014804161050796471,312.6503455511161,0.015752633560114047
env_weather_wind_gusts_10m_max_futcov_lag0,200.26062977313995,376.714239358902,43.7281613945961,133.40103948116302,501.03354746103287,345.91428381204605,213.205700725317,0.0077506593388012805,0.021707225320040723,0.0022916255084969306,0.007195082935159314,0.04182581762062654,0.01930850538488673,0.009583641780335083,259.1796574294567,0.01566607969833523
env_weather_wind_speed_10m_max_futcov_lag-1,309.6475410461426,66.25705921649933,211.80463840067387,487.0802580714226,286.2191109061241,387.29303419589996,100.90708076953888,0.01786303557999791,0.0013142659949554546,0.010322225318939272,0.03175514229339978,0.020899274909148315,0.022328006603373286,0.004830568593413265,264.17267465804304,0.015616074184746753
ewm_ewma14_act_total_daily_strike_events_pastcov_lag-1,133.93157935142517,66.24636995792389,44.29666006565094,400.27091109752655,215.0318419933319,470.6041429042816,57.11245024204254,0.017397726315171225,0.002607783074857628,0.0021924355959531904,0.03284291830216255,0.016401330265463997,0.03574938417571514,0.0011529220649938222,198.2134222303118,0.015477785684902505
env_weather_pressure_msl_min_futcov_lag5,72.08380630612373,578.4082480669022,242.28749725222588,292.307488322258,246.98356260359287,202.62054932117462,156.39980936050415,0.0021624961806896437,0.03675709947868577,0.011932232155707424,0.020857736768808442,0.014363260847582503,0.007692908491281658,0.014109534706291216,255.87013731896877,0.015410752661292378
ewm_ewma14_fin_usd_uah_rate_pastcov_lag-14,66.02289998531342,120.03049642406404,203.18534970283508,653.3741346895695,339.4302419424057,376.56132185459137,114.51869302988052,0.0034089052091567317,0.007322888722780152,0.01242797301736429,0.020423064483955235,0.016680932281935477,0.04208128573751122,0.0029476007830133042,267.5890196612371,0.015041807176530916
ewm_ewma14_act_drone_infra_ua_residential_intent_pastcov_lag-7,56.831709802150726,185.04804414510727,161.14286523498595,145.93821182847023,348.646359205246,451.0150908231735,306.15282821655273,0.0009135377024765967,0.007723036253408311,0.005759853822357508,0.008554513480431214,0.023316904177798015,0.03528651698990535,0.022724975039232386,236.39644417938376,0.014897048209372767
env_weather_wind_speed_10m_max_futcov_lag6,241.02925716340542,563.1148862764239,131.1983299255371,292.8971816897392,388.2871716618538,200.81694972515106,291.26926851272583,0.011287387839113228,0.03583830331460645,0.0082165084124191,0.010824130502867124,0.01666687537529914,0.007804665704056068,0.013021530994391605,301.23043499354804,0.014808486020393242
env_weather_wind_speed_10m_max_futcov_lag2,315.66123962402344,148.95734698697925,243.46083210594952,290.2088377587497,89.01516997814178,178.6557559967041,588.4450625181198,0.013914358391175252,0.004658296598948897,0.011504263932655866,0.015050443473063013,0.0035092708205830326,0.009677133569963737,0.044501893155511764,264.9148921383811,0.014687951420271652
env_weather_wind_speed_10m_max_futcov_lag5,503.9486027061939,99.52621555328369,240.23954927921295,345.54202008247375,278.4221973188687,363.4200600963086,254.78772068023682,0.029598464077766718,0.00483922747850365,0.009521712935511096,0.01783814935943313,0.01689391829097231,0.01300512420374209,0.010706444730284193,297.98376653093976,0.014629005868030454
env_weather_pressure_msl_max_futcov_lag4,265.78822207450867,443.675192296505,720.4238453507423,99.6084988117218,103.1601687669754,140.7668195962906,63.94920074939728,0.014811256976260668,0.02134343296502177,0.05098753306841521,0.004064454100840509,0.003838367646819929,0.004651828541584457,0.0025655709256264814,262.4817068065916,0.014608920603509861
env_weather_wind_gusts_10m_max_futcov_lag2,171.42327159643173,150.30579102039337,104.31004977226257,466.3043275475502,247.38682201504707,103.05332559347153,454.85292625427246,0.004506146936500932,0.005782846367307281,0.005624442543331676,0.03345613961253187,0.010617113740009065,0.003644076171154742,0.03663060036532697,242.51950197134698,0.01432305224802322
env_weather_wind_direction_10m_dominant_futcov_lag6,225.3615003824234,449.95359551906586,166.45496578514576,454.89177936315536,305.8810677975416,176.63663065433502,184.56847044825554,0.0078395859863031,0.027492783215534344,0.007799572663616838,0.029173733510897183,0.013153865903160344,0.006516902655384005,0.007632429842436994,280.5354299928461,0.014229839111047542
ewm_ewma14_acled_other_ua_disrupted_weapons_use_pastcov_lag-7,186.21237722039223,446.51364958286285,63.26116991043091,93.61830019950867,194.51650542020798,217.66782021522522,244.02486860752106,0.006476218823881319,0.031207860929231335,0.0009718544949185226,0.0064116284846194695,0.00974930769793223,0.02196323763084187,0.022448658979865855,206.54495587944984,0.014175538148755799
env_weather_soil_moisture_0_to_100cm_mean_futcov_lag-2,157.51574826054275,176.15742132812738,629.1786386966705,445.9156708717346,245.5278595685959,151.59207957983017,109.73157626390457,0.009740733355528209,0.010638596377505282,0.035176146206647066,0.016228891275554446,0.014621460568827783,0.007472741712716724,0.004755996799611162,273.659856367058,0.01409065232805581
ewm_expdecay7_act_total_damage_events_pastcov_lag-14,94.75143897533417,298.92565780878067,141.47946977615356,242.48668897151947,317.0743705034256,223.06928980350494,485.95916974544525,0.0019701052325384882,0.013833020912136318,0.0034953642715215504,0.016806253424725213,0.022866956885063617,0.008274285171347918,0.030654588629747393,257.6780122263091,0.013985796361011498
rolling_rsum14_14_act_drone_strike_on_rus_in_rus_nofpv_pastcov_lag-7,0.0,3.599839925765991,16.13080209493637,49.901310443878174,702.0709710121155,805.1121089458466,39.78364086151123,0.0,0.0003373231209709227,0.0003672362485936498,0.002058226424401033,0.03944725000602271,0.05288668087928028,0.0025117133517679633,230.94266761200768,0.013944061433005223
ewm_ewma14_fin_usd_uah_rate_pastcov_lag-7,164.64935779571533,161.46975111961365,226.88671934604645,563.0079982876778,202.0381100177765,420.6109812259674,45.00171959400177,0.010816566160505059,0.006056565802377456,0.014718411510739715,0.03357116285419341,0.018550539093717355,0.011709091146759198,0.0015850324599829158,254.80923391239983,0.013858195575467873
env_weather_wind_speed_10m_mean_futcov_lag-2,137.2810800075531,284.23155677318573,116.47325956821442,513.8313410356641,345.45676016807556,218.90093004703522,134.73166966438293,0.004769408609366565,0.009402728577966845,0.003028631955629435,0.03870339854690221,0.015419217573177057,0.01871351367556595,0.006517086167127872,250.129513894873,0.013793426443676563
ewm_ewma14_act_total_damage_events_pastcov_lag-7,158.9140899181366,405.3690068721771,181.7064726650715,29.835309717804193,131.70997244119644,300.25854992866516,83.19525051116943,0.009013589840217074,0.037676903169186995,0.015233067492518227,0.0007816426862441884,0.010034759842343654,0.019702894234474667,0.0030798521184089767,184.42695029346007,0.013646101340484825
env_weather_wind_gusts_10m_mean_futcov_lag5,390.81995874643326,281.0399457216263,291.53047550679184,333.44644021987915,48.11414957046509,267.01084995269775,257.059019446373,0.012737375079795022,0.012986827790104183,0.010637559787483219,0.016357542035973636,0.002172425468604766,0.011671548210002602,0.028626002412858353,267.0029770234666,0.013598468683545969
env_weather_cloud_cover_mean_futcov_lag5,288.54247212409973,221.13198280334473,239.29490971565247,262.2969491481781,216.07831721380353,363.3441799879074,142.7079395055771,0.013927102610328989,0.009051953448315908,0.010160842127375492,0.015546928195488818,0.027116021669732548,0.01487356283927277,0.004302341059610382,247.62810721408044,0.013568393135732132
env_weather_wind_speed_10m_max_futcov_lag-2,87.82677054405212,245.69052809476852,518.1978106498718,281.66158950328827,357.6412284374237,186.6422896385193,143.5209771990776,0.002640282576027153,0.012486096598469821,0.03249255329866472,0.012368423801181283,0.019279073908784895,0.007760710591861142,0.007940054895003401,260.16874200957164,0.013566742238570347
ewm_expdecay7_acled_other_ua_disrupted_weapons_use_pastcov_lag-7,453.6009689569473,400.19956946372986,183.3429173231125,75.38453948497772,149.33296990394592,198.82749432325363,230.0988301038742,0.04842626135075301,0.02404718797239489,0.0068121665149099234,0.0006330431973335493,0.0033513935271805907,0.004923991439657427,0.006387202911819623,241.5410413656916,0.013511606702007002
env_weather_wind_gusts_10m_max_futcov_lag-1,334.80819952487946,55.04768991470337,112.79350697994232,486.5169166326523,314.7675698399544,131.53511023521423,96.97219949960709,0.018869168447496688,0.002069604763636468,0.0037004031830548457,0.04605585601654354,0.015381999313615169,0.006088461023680836,0.002339882319886533,218.920170375279,0.013500767866844869
env_weather_pressure_msl_max_futcov_lag-2,83.91732428222895,175.75113582611084,274.4256773814559,370.23667630553246,228.11026254296303,278.93051224946976,391.89472430571914,0.0036593229883707277,0.009396516900789353,0.013052064721524292,0.02770786938220955,0.010723295324651771,0.011383024516389196,0.017287770710429574,257.6094732704972,0.013315694934909209
env_weather_wind_gusts_10m_mean_futcov_lag-1,319.3930710554123,74.57813113927841,149.3656105697155,219.12284046411514,395.99196922779083,152.908101439476,252.62106555700302,0.019770844740157535,0.0021626025999546884,0.005448299572951942,0.00670167994714681,0.03993549919118951,0.0059595530811676015,0.012461796837652295,223.42582706468446,0.013205753710031482
env_weather_wind_gusts_10m_max_futcov_lag5,75.55793035030365,354.4490295648575,150.90006014704704,283.6845006942749,117.2025271654129,166.76329934597015,435.6757990717888,0.002901340934089336,0.030927198873305285,0.006308604082583868,0.013805576138055798,0.004913676557966462,0.008283458436751445,0.024611890769304347,226.31902090566498,0.013107392256008075
ewm_ewma14_acled_other_rus_shelling_artillery_missile_attack_pastcov_lag-7,145.63601106405258,221.05491398088634,234.95149981975555,107.56577563285828,111.19130438566208,364.65433955192566,576.3278697133064,0.005219679971166413,0.009582307497515851,0.010435289054058461,0.00439097298015938,0.0057917637277986826,0.02248031131376438,0.03374545631738328,251.62595916406386,0.013092254408835208
rolling_rsum7_7_com_diplo_bluesecondary_ua_pastcov_lag-7,381.76903945207596,355.96329939365387,357.2175317108631,269.2075592279434,77.0306601524353,209.77721071243286,190.53345131874084,0.021931015172790724,0.018276243258714353,0.023319813715140313,0.011770561272671887,0.0023826439644869303,0.006758910415041108,0.00716042053316186,263.0712502811636,0.013085658333143882
env_weather_wind_speed_10m_mean_futcov_lag5,82.90987846255302,547.7298237979412,418.3294893503189,291.8124085664749,142.13758075237274,111.42901957035065,306.1924097388983,0.0038361059977850553,0.019880021012653182,0.022867153076854097,0.01552866229969796,0.005235058397421666,0.006008091695212925,0.01801472385428058,271.5058014627014,0.013052830904843635
env_weather_wind_speed_10m_mean_futcov_lag1,56.22140669822693,284.45469848811626,110.81462156772614,162.99446082115173,260.3696601986885,145.5292991399765,658.3363754153252,0.002388444832188208,0.017049591964300625,0.0061679336706840894,0.006293780437505591,0.013238263591246024,0.007018077954737234,0.03752068256366485,239.8172174756016,0.012810967859189516
env_weather_wind_gusts_10m_mean_futcov_lag0,201.8397580385208,172.91558676958084,167.7412989139557,142.2237102985382,266.68811959028244,496.0776388645172,158.0123312473297,0.007585639201002592,0.007498317194625459,0.004854832467011416,0.00587362645816496,0.015937852349316974,0.04216193829265489,0.005703021558933141,229.35692053181785,0.012802175360244205
env_weather_wind_speed_10m_mean_futcov_lag-1,174.23815339803696,58.27609783411026,294.4565405845642,92.98664531111717,468.3871961236,249.43200039863586,312.8291300535202,0.0069317505417138435,0.001276797473991853,0.014959132275073728,0.003718476469629439,0.03239432500430448,0.009941973378591974,0.019944278877135745,235.80082338622637,0.012738104860063009
env_weather_pressure_msl_max_futcov_lag3,334.7041999101639,683.8301014825702,81.01368397474289,52.700756669044495,107.2579859495163,80.51759076118469,130.09651958942413,0.019620418612630596,0.04745647645911304,0.0035813251639808417,0.0015866629164529521,0.003865733039875119,0.0033599934595236027,0.009167011268390746,210.01726261952095,0.012662517274280985
env_weather_wind_speed_10m_mean_futcov_lag0,195.65832608938217,118.50373438512906,61.071885749697685,306.85941284894943,197.11248555779457,446.503675699234,272.563529253006,0.007792386185773803,0.004165046264494365,0.00245835550260074,0.012450795138943671,0.005505466095732081,0.04181650907960519,0.013902759103839535,228.32472136902757,0.01258447391014134
ewm_ewma14_com_diplo_bluesecondary_ua_pastcov_lag-7,222.2499439716339,318.93468445539474,489.84434947371483,322.6285297870636,248.1722321510315,225.2332585453987,427.1965530514717,0.007751322259456806,0.020529157132876487,0.01792975015875118,0.013591751159992959,0.008715544220502025,0.008229328125990443,0.010992395106075904,322.0370787765299,0.012534178309092259
env_weather_wind_gusts_10m_max_futcov_lag4,192.02660834789276,172.22990962862968,350.55880430340767,163.19611084461212,75.08362054824829,463.6908210515976,103.61345982551575,0.01161906674970925,0.010265279098671254,0.013281258851300094,0.005680435228450987,0.0027349783751034807,0.03815486640381342,0.0035294597868813283,217.19990493570054,0.01218076349913283
env_weather_wind_gusts_10m_mean_futcov_lag-2,115.42829990386963,123.4348336160183,191.04591858386993,323.3029318153858,209.27561309933662,194.19151705503464,143.42290008068085,0.0041383933002125724,0.005312586379947248,0.005562603691043488,0.03864495684447304,0.010058254100442277,0.009270808502654404,0.009660996345511697,185.7288591648851,0.01180694273775496
env_weather_soil_moisture_0_to_100cm_mean_futcov_lag6,658.1581169962883,339.61297262180597,52.969289898872375,57.63407123088837,219.12467896938324,163.42651116847992,165.8752303123474,0.03488695244316296,0.014719395337987207,0.0032821206026037554,0.003165351441538111,0.011334489038484196,0.007790704236646584,0.006814154488834001,236.68583874258078,0.011713309655608116
env_weather_wind_gusts_10m_mean_futcov_lag6,249.6373999118805,312.40051916241646,328.41029185056686,274.7906002998352,232.48009876627475,138.41436004638672,235.63947068154812,0.015324866717874409,0.012046767198284347,0.01621177324023939,0.011064195403083298,0.011320735319485986,0.0047888145417719795,0.010640629723844986,253.11039153127265,0.011628254592083486
env_weather_soil_moisture_0_to_100cm_mean_futcov_lag0,133.7754808664322,63.53043693583459,41.41786980628967,67.38607037067413,625.0754002332687,316.7991108894348,76.58548986911774,0.008082453326988825,0.004119669401369852,0.0011621125574301726,0.00490699933004044,0.04501865837880763,0.011788288686397076,0.005345600550069718,189.22426556729312,0.011489111747300529
env_weather_wind_gusts_10m_max_futcov_lag6,307.5362252444029,165.29112899303436,412.61130130290985,317.4134393930435,150.03839015960693,111.07100233435631,137.32523000240326,0.015318554923454885,0.007524722437636466,0.021837980419129144,0.01760342530359198,0.0048316451272298,0.006355221072581641,0.006498531453754031,228.75524534710817,0.011424297248196852
ewm_expdecay7_fin_usd_rub_rate_pastcov_lag-14,55.94325113296509,328.544717669487,204.2343899011612,393.72963976860046,58.933210492134094,141.72926092147827,166.707639336586,0.002941864696616925,0.01763907578434274,0.019837846799865378,0.022030471312590595,0.003694520777544663,0.005176045956524611,0.007180361407457703,192.83172988891602,0.011214312390706088
env_weather_pressure_msl_max_futcov_lag-1,134.56311666965485,93.42561984062195,124.90158957242966,265.030011177063,387.70607259869576,207.4449212551117,219.57305845618248,0.007045860915347113,0.003216813265526497,0.005770678437634435,0.016085032135977916,0.03084259559853959,0.006743221179696257,0.007723272486117127,204.66348422425133,0.011061067716976989
env_weather_wind_gusts_10m_mean_futcov_lag1,172.918030500412,134.93359184265137,166.41579519212246,141.73269194364548,115.36323133111,230.569805175066,403.3212101832032,0.006555341062676567,0.007941012852756103,0.015306605712594457,0.005847519298955684,0.004600497324551455,0.008048980756312862,0.028347544475203223,195.03633659545864,0.010949643069007194
env_weather_soil_moisture_0_to_100cm_mean_futcov_lag1,83.59682035446167,245.5085997581482,21.43198037147522,94.17124009132385,73.86229920387268,488.6291997432709,174.21062314510345,0.003389024926467865,0.009060541988661287,0.0003057704908083547,0.0025190374948632632,0.006278087241429642,0.0492166654386829,0.005742993611895586,168.77296609537942,0.010930303027544127
env_weather_wind_speed_10m_mean_futcov_lag6,181.36082017421722,126.19968286156654,477.4792425632477,280.43096140027046,319.55438877642155,88.58976018428802,80.83118396997452,0.01450092380819772,0.0030956410183919257,0.02089449574121316,0.014346877268022218,0.016254536349003933,0.0027068848317131967,0.0035144317974779905,222.063719989998,0.010759112973431448
env_weather_wind_gusts_10m_mean_futcov_lag4,355.0109882950783,158.22506080567837,183.99538785219193,75.94672220945358,237.28956818580627,159.27593052387238,264.07949125766754,0.019216891980590112,0.010324102864025275,0.006242774380638738,0.0032997900404316606,0.013819261903117774,0.008920936536237312,0.012038412962695633,204.8318784471069,0.010551738666819499
env_weather_pressure_msl_max_futcov_lag1,96.43984949588776,62.26738953590393,85.31532543897629,113.0926308631897,239.35953330993652,334.80320578813553,279.23950004577637,0.002732239702929995,0.0015000923914569198,0.001840933094338526,0.0032142533433232147,0.018141732708202407,0.01750588459829221,0.02715939693246656,172.931062068258,0.01029921896728712
rolling_rsum14_14_dist_to_nearest_ru_km_pastcov_lag-1,9.05780029296875,25.490779876708984,7.147579908370972,189.29022735357285,93.90613639354706,142.44756054878235,114.25803136825562,0.0002416593874317474,0.0013046270546640982,0.00036868626674753103,0.02400173996426145,0.015102220423282664,0.015046149972884426,0.01592631299358538,83.08544510602951,0.010284485151836756
ewm_expdecay7_acled_other_rus_shelling_artillery_missile_attack_pastcov_lag-14,144.39271041750908,379.1425990462303,164.75207269191742,272.5994999408722,171.56157207489014,74.91796423494816,70.69715964794159,0.005979249149549015,0.015338632840926203,0.012799846647264102,0.0171360826314525,0.011566577098004549,0.00549036451585645,0.0020043526219048146,182.58051115061556,0.010045015072136804
ewm_ewma14_dist_to_nearest_ru_km_pastcov_lag-1,123.98738998174667,215.84835970401764,263.78688168525696,232.90668952465057,99.53874981403351,134.31600093841553,76.62295883893967,0.006065420037258651,0.012320875403623654,0.01405322741501247,0.014660325654413553,0.00764394382135869,0.009032889533960064,0.006068793163711695,163.85814721243722,0.009977925004191255
env_weather_pressure_msl_max_futcov_lag2,678.257282037288,38.487250328063965,64.96277638524771,42.0831800699234,85.6430734237656,273.4938395023346,250.53906095027924,0.03409090109588473,0.0008983834194561169,0.002188301914959312,0.0011239331947995534,0.004828218416416408,0.013569110090155868,0.012644368685561801,204.78092324241464,0.009906173831033399
env_weather_pressure_msl_max_futcov_lag0,105.61989068984985,25.52108970284462,142.48458974063396,232.67552775144577,307.6769767701626,385.50834304094315,159.86612647771835,0.0029814272407723275,0.0005101472339101631,0.006094498885175259,0.00912612857037758,0.01518564917297418,0.02752945118515735,0.007809363866580221,194.19322059622831,0.009890952307849584
env_weather_wind_speed_10m_mean_futcov_lag3,341.25435984134674,304.20975053310394,177.20318067073822,229.49595141410828,188.10801005363464,43.427640318870544,239.03363233804703,0.01457576463233865,0.01188276774782413,0.005992820808159794,0.012851280219878202,0.008729820071139094,0.001558545967452285,0.012081090226864943,217.53321788140707,0.009667441381951013
env_weather_wind_speed_10m_mean_futcov_lag4,403.309657394886,351.0306897163391,361.0485991239548,115.3432594537735,113.44137048721313,115.31962096691132,97.97404474765062,0.018159828490916928,0.01652264298702153,0.01508534179057459,0.003981507710012777,0.005793453725205411,0.005388408021388935,0.0026892340542703065,222.49532027010406,0.009660059539912927
env_weather_wind_gusts_10m_max_futcov_lag-2,134.38037991523743,107.29354172945023,421.74559473991394,284.02250131964684,133.83539080619812,211.24628067016602,148.86870670318604,0.004457357384801619,0.005793395730656248,0.027439235544984265,0.012346967458722102,0.0042529846481596635,0.006569506797378799,0.00619582560972749,205.91319941197122,0.009579324739204313
env_weather_pressure_msl_min_futcov_lag-2,289.36400896310806,113.59680080413818,169.6645246744156,226.6006646603346,334.1040709018707,288.18001025915146,109.94196498394012,0.0127321677504461,0.0046719307643837025,0.003472905025115547,0.011136355360885752,0.018125101381613183,0.011478105216319135,0.004952607787903962,218.7788636067084,0.00950988189809534
env_weather_pressure_msl_min_futcov_lag3,248.56172943115234,229.77362932637334,355.15959100425243,258.1818391084671,154.09365318715572,198.03736670315266,119.45641088485718,0.011031460250239555,0.0074499748247752965,0.015129120795912155,0.008005609307859717,0.0074433156925512115,0.013940488806620887,0.002916758351936122,223.3234599493444,0.009416675432842136
env_weather_wind_speed_10m_max_futcov_lag3,141.1664119362831,365.2766887298785,173.1889601945877,208.41093865036964,206.87954986095428,139.97607004642487,213.74428769946098,0.0034355430997835114,0.012217522516451118,0.0054161916906507734,0.010707085764431823,0.013875416250673612,0.005302937496096361,0.011706810687488356,206.948986731137,0.008951643929367937
rolling_rmean28_28_total_ru_area_km2_pastcov_lag-14,72.70248055458069,234.17447984218597,28.352280139923096,123.90589416027069,100.55822038650513,216.3102993965149,131.99107027053833,0.003168046161631932,0.01529092560199019,0.0007745026677035138,0.007823135830356676,0.007628480499279599,0.01577774365062621,0.011872778939762773,129.71353210721696,0.008905087621621555
env_weather_wind_gusts_10m_max_futcov_lag3,87.07425251603127,135.75412559509277,198.09683740139008,82.19817996025085,369.3599399328232,168.576469540596,97.29066097736359,0.004570771673852803,0.0032845903417451083,0.009591986892515192,0.004886433087464148,0.02849796241616438,0.007193075259298265,0.004223857194722047,162.6214951319354,0.008892668123680277
env_weather_pressure_msl_min_futcov_lag0,304.1301282942295,192.61075460910797,174.9014996290207,149.89737939834595,385.4477171897888,183.39822900295258,276.37231040000916,0.014627789208417386,0.007395768516633994,0.005940583907537422,0.005969305137451442,0.006254583241994594,0.008287919495861672,0.012659480216466434,238.10828836049353,0.008733632817766134
env_weather_wind_speed_10m_max_futcov_lag4,82.44360041618347,92.73833552002907,122.6994401216507,249.40294992923737,322.6800405457616,234.71048766374588,150.07418990135193,0.003922695054843395,0.00362149486836334,0.0039878928909781175,0.016433436347920338,0.01383028249961582,0.012593603480365822,0.005338678001805541,179.24986344256573,0.008532583306270339
ewm_ewma14_act_drone_infra_ua_residential_intent_pastcov_lag-14,208.737703952007,334.26270681619644,120.21338933706284,105.58152413368225,82.20448952913284,238.17634943127632,108.85437542200089,0.014007114247682218,0.017575167998117314,0.009209366949023568,0.003903737494995574,0.0030461516269718603,0.007868053875460057,0.003959732918477665,171.14721980305123,0.008509903587246894
env_weather_pressure_msl_min_futcov_lag-1,132.13969004154205,240.6824095249176,92.68792009353638,266.72512076050043,261.3353448808193,237.2243832051754,112.65482884645462,0.005831645271189667,0.01392875570313894,0.003072219549409083,0.007567318599536211,0.010583642037848718,0.013218299445989868,0.004174448347472093,191.9213853361351,0.008339475564940654
ewm_ewma14_act_drone_infra_ua_health_intent_pastcov_lag-14,119.29757964611053,57.69297015666962,182.91253799200058,194.12898629903793,180.33167004585266,240.35775876045227,175.35082936286926,0.006174387380882385,0.0032802042944913177,0.007299690627236166,0.013161412541679596,0.009866670836304835,0.010345545069805406,0.007990010981905637,164.29604746614183,0.008302560247472193
env_weather_soil_moisture_0_to_100cm_mean_futcov_lag2,96.53298503160477,96.08407998085022,183.31895089149475,35.00841099023819,26.824397921562195,37.84096920769662,482.0806791782379,0.005873649352414701,0.002980500965801136,0.008212764987079523,0.0010291794028130408,0.0006617928506134519,0.0009382308452415611,0.03557913298750566,136.8129247430978,0.007896464484495583
env_weather_pressure_msl_min_futcov_lag2,234.89196968078613,202.6214381456375,111.79952220874839,209.55136755108833,197.0747503042221,225.28978049755096,165.83367055654526,0.011192730019923491,0.008830683356113788,0.0031003971551162523,0.008070287837770506,0.013322547075241609,0.0066516763962483514,0.0039566796460723365,192.43749984922553,0.00787500021235519
rolling_rsum14_14_act_drone_strike_on_rus_in_rus_nofpv_pastcov_lag-14,58.5405797958374,121.67756998538971,114.1765398979187,49.19779992103577,48.62695026397705,132.1012948155403,11.08467984199524,0.007233920851697851,0.019400092989596884,0.0077667625961395535,0.00806664763512972,0.0021992109423807802,0.009657622990277148,0.0003937613538533391,76.48648778881345,0.007816859908439324
darts_enc_fc_cyc_day_sin_futcov_lag5,10.773709774017334,62.336509704589844,24.40967059135437,121.60209906101227,261.7107101678848,325.75247716903687,288.58689761161804,0.0005507690900871997,0.002736435216552002,0.0011021094307126055,0.005203294556897964,0.01675226558174585,0.010455890178344519,0.01770799480150309,156.4531534399305,0.0077869655508347475
ewm_ewma14_com_diplo_bluesecondary_ua_pastcov_lag-14,184.8470156788826,187.0428203344345,78.53368937969208,169.66474094986916,178.19862937927246,170.72874748706818,161.63836082816124,0.00800135370675823,0.0071696979447581025,0.003622815813991842,0.006956811987887756,0.0072891529472095765,0.008826422401880607,0.011607745822793137,161.5220005767686,0.007639142946468463
env_weather_soil_moisture_0_to_100cm_mean_futcov_lag-1,58.77821194007993,41.43940147163812,57.44484141469002,504.5596606731415,309.5469801425934,108.24938035011292,68.29871988296509,0.0018311169771678903,4.9975776720168064e-05,0.002040349914130002,0.03254114464573268,0.00963780724893606,0.0037130686247887957,0.003235107959671435,164.04531369646014,0.00757836730673529
ewm_expdecay7_total_ru_area_km2_pastcov_lag-14,150.462660074234,93.87037146091461,89.18902003765106,57.64243006706238,74.46760243177414,77.59063029289246,186.40653955936432,0.016851761132517205,0.004894030012222594,0.0021376503265637227,0.0014903898956135642,0.003181058616990451,0.005298644353688875,0.017307769964464037,104.23275056055614,0.0073087577574372075
env_weather_pressure_msl_min_futcov_lag1,291.6710215806961,110.09410801529884,115.1501151919365,122.09151154756546,150.4027421809733,217.91218888759613,269.3997892141342,0.015040425537010993,0.0030683587864378304,0.004642491269092486,0.005986308329715273,0.004703868340946138,0.003062361811668901,0.010540351849975638,182.38878237402864,0.0067205951321210365
env_weather_wind_gusts_10m_mean_futcov_lag2,255.38536989688873,105.59180998802185,73.06550705432892,133.60772013664246,151.92968240380287,213.65389955043793,195.3795803785324,0.007242678287685389,0.0030743602164433836,0.005487449787439669,0.009548122016853955,0.006150068473889725,0.008332414739976101,0.007091791448353368,161.23050991552216,0.0067038407100916565
env_weather_wind_speed_10m_mean_futcov_lag2,151.51791048049927,115.03636008501053,113.05951630324125,75.17441740632057,136.87217962741852,216.79371708631516,118.51649963855743,0.007530704692167878,0.006834829139963849,0.007228718045485594,0.004852016862622666,0.005290282653609269,0.007726720207971138,0.0053248958781487495,132.42437151819468,0.006398309639995592
rolling_rsum7_7_act_total_daily_strike_events_pastcov_lag-7,31.810450553894043,3.9766600131988525,44.99412441253662,74.69505047798157,223.34580194950104,82.60698056221008,70.38363003730774,0.001474867411557712,0.00014182714843231637,0.0043480690969608824,0.008703474569693493,0.024445972925668434,0.0019667265968047686,0.003241533091623361,75.97324257237571,0.0063317815486772806
ewm_ewma14_act_drone_infra_ua_residential_intent_pastcov_lag-1,354.35722437128425,134.93350100517273,273.76833963394165,126.83247113227844,137.2541699409485,110.68805027008057,28.615829467773438,0.015966295746157398,0.0032698725859376275,0.009917329531203101,0.0038270772715775837,0.004405583019727333,0.004228525093610158,0.0016878338768464562,166.63565511735422,0.006186073875008523
darts_enc_fc_cyc_day_sin_futcov_lag4,114.8896894454956,37.84593987464905,144.42473077774048,129.1108467578888,98.28804993629456,76.80818939208984,325.05360090732574,0.005160148197589143,0.0005819061490937693,0.006382301567811233,0.006443178639386882,0.004223617633651489,0.004477277724134509,0.01595327764084875,132.345863870212,0.006174529650359396
darts_enc_fc_cyc_day_sin_futcov_lag2,240.73549395799637,171.00482046604156,47.62841013073921,104.43321073055267,40.89582288265228,181.48158955574036,12.055180072784424,0.006881541425295112,0.010517592322853542,0.004376106813208524,0.011706648961484479,0.001536750015487498,0.006546953731335336,0.000378757512855743,114.03350397092956,0.005992050111788605
ewm_ewma14_fin_usd_rub_rate_pastcov_lag-14,137.52990785241127,191.26021027565002,85.17672610282898,171.49956941604614,269.06283193826675,152.9612182378769,108.94062006473541,0.008136489241871336,0.008891161145379778,0.0035120038189304205,0.0026298082555633595,0.008742002391656544,0.004278066598637031,0.0048049178225174185,159.4901548411165,0.0058563498963651265
rolling_rsum7_7_com_diplo_bluesecondary_ua_pastcov_lag-1,68.06448006629944,143.24280953407288,94.8459044098854,124.85297012329102,113.42016458511353,132.46630120277405,302.524317920208,0.0025842363479477103,0.006083669455008556,0.007252853711444174,0.005347849618087386,0.003743421719321627,0.005002918554854419,0.010724256809265809,139.91670683452062,0.005819886602275668
ewm_ewma14_dist_to_nearest_contested_km_pastcov_lag-1,77.42165511846542,82.77611011266708,34.0869003534317,77.13899475336075,78.29064011573792,44.89543008804321,138.34503960609436,0.010862045702469115,0.007190844842607347,0.0008264778806444717,0.006225510771711673,0.003786351903914542,0.0029300714382451743,0.0082598143709522,76.13639573540006,0.005725873844363504
darts_enc_fc_cyc_day_sin_futcov_lag3,32.786760091781616,123.21389102935791,151.75307941436768,132.48908883333206,159.22971165180206,137.25785112380981,86.0092796087265,0.0010558960470200772,0.005705180714126179,0.010355632091482292,0.004870433359233472,0.006844249409740289,0.007207399020437632,0.003974261760003306,117.53423739331109,0.005716150343149035
env_weather_soil_moisture_0_to_100cm_mean_futcov_lag5,97.07425963878632,61.0447199344635,117.52505314350128,186.635409116745,112.40863990783691,106.9218590259552,44.123629093170166,0.006670547448901054,0.004442824693048531,0.006036489386937261,0.011056522602257512,0.005404908249717555,0.004115248894952917,0.0017776617525338656,103.67622426577977,0.005643457575478386
env_weather_wind_gusts_10m_mean_futcov_lag3,266.06093966960907,105.1809428781271,95.3526661992073,193.09885013103485,139.28918367624283,48.872939348220825,116.22634994983673,0.012656168503172482,0.002133350931802136,0.0027139524328287923,0.0067172756565385015,0.008394704458341251,0.002176392456653553,0.004590124241723848,137.72598169318266,0.005625995525865796
darts_enc_fc_cyc_day_sin_futcov_lag0,142.84308198094368,50.466700315475464,84.44672012329102,141.0453506708145,192.46609431505203,82.04849982261658,43.05261127650738,0.004515482922245862,0.002747542336076214,0.0024148889904961777,0.005718828936728348,0.008512999290895707,0.013628119661055548,0.0014293262251297457,105.1955797863858,0.005566741194661085
darts_enc_fc_cyc_day_sin_futcov_lag1,79.28264021873474,31.630370259284973,117.39499950408936,136.5431901216507,224.97636795043945,76.31318998336792,69.98443372547626,0.0031334642336364516,0.0008494932262741228,0.013805915989591511,0.006294815671012821,0.0088239620419861,0.0033272166393876644,0.0026426353796385805,105.16074168043477,0.0055539290259324645
ewm_ewma14_act_total_damage_events_pastcov_lag-14,45.1458899974823,53.01714015007019,78.09862017631531,31.87273520231247,121.34702980518341,193.00329953432083,155.87713074684143,0.001520287477789295,0.002066418659908309,0.004305872871187999,0.0019337831913502246,0.004971516432461654,0.014962165214903478,0.005168046577311358,96.9088350875037,0.0049897272035589035
darts_enc_fc_cyc_day_cos_futcov_lag-1,14.212290406227112,58.068289160728455,23.23973035812378,117.15717077255249,85.94032037258148,208.14338159561157,149.28036046028137,0.0006530661696053208,0.001534298156360059,0.0007353032979927843,0.005239161895750711,0.0033516850210776996,0.014276653641767001,0.008074368029222612,93.72022044658661,0.004837790887396598
ewm_ewma14_com_diplo_bluesecondary_ua_pastcov_lag-1,84.80311024188995,50.77725970745087,127.93255662918091,75.39979982376099,165.49110811948776,144.49643003940582,166.9574516415596,0.0023067527836021728,0.0012235930264461014,0.0061128589155660775,0.0022136442175235914,0.005463430866030206,0.007361919444666754,0.009151849287976988,116.55110231467656,0.004833435505973128
ewm_expdecay7_acled_other_rus_shelling_artillery_missile_attack_pastcov_lag-7,2.166222006082535,64.04557386040688,104.19587934017181,51.74246001243591,150.6579591035843,103.0193301141262,126.01183253526688,0.00011474838150109523,0.0023912505506879624,0.007364564077074043,0.0020861492851431906,0.009893784595464038,0.005572903850814437,0.006110060370115055,85.97703671029636,0.0047904944443999745
rolling_rsum14_14_dist_to_nearest_ru_km_pastcov_lag-14,126.48040866851807,60.038779735565186,50.86758065223694,59.25431048870087,51.195029973983765,41.632400155067444,58.02960991859436,0.010128805645226956,0.0020987687976676606,0.0028920087296196106,0.0033905441599049848,0.0030176515466235456,0.00264145405052294,0.009122828298664554,63.92830279895237,0.004756008746890036
ewm_ewma14_dist_to_nearest_ru_km_pastcov_lag-14,125.4285706281662,124.74395084381104,191.15183985233307,82.76646900177002,59.11691987514496,37.19513988494873,43.8742995262146,0.005129924458521317,0.0042150114158372,0.008981568966830689,0.0037137395998640744,0.003720791512821697,0.005679046390343334,0.001238510835724216,94.89674137319837,0.004668370454277504
ewm_ewma14_dist_to_nearest_contested_km_pastcov_lag-14,135.5225806236267,154.8270788192749,135.39254558086395,30.612079739570618,89.37169003486633,44.775630235672,27.659769892692566,0.005892968455317549,0.006964588843368302,0.006647585364605124,0.0011912986154448246,0.004011808364133662,0.004515306529200425,0.0020000982850670646,88.30876784665244,0.004460522065305278
env_weather_soil_moisture_0_to_100cm_mean_futcov_lag3,40.13213014602661,121.44160768762231,72.44749009609222,108.00517094135284,38.80900001525879,119.94389855861664,191.9782588481903,0.0009118890646912847,0.004006644287178429,0.0008223471108123493,0.006512822928574491,0.0012742380363837125,0.003378540805861463,0.012671105399976202,98.96536518473711,0.004225369661925419
darts_enc_fc_cyc_day_cos_futcov_lag0,35.60846996307373,54.72084975242615,100.17550110816956,45.5824933052063,168.21187961101532,71.64889061450958,210.1832983493805,0.0008183114859278362,0.001021111732481872,0.004965730361091469,0.0016908584653345438,0.006230476454970546,0.0025999316842984176,0.011286207378222012,98.01876895768302,0.0040875182231895285
darts_enc_fc_cyc_day_sin_futcov_lag-1,68.12162029743195,217.16990983486176,121.66725039482117,93.08700424432755,95.97453880310059,68.17860054969788,60.172770261764526,0.0025410318045280935,0.006693632562103957,0.006117769213389956,0.003592432300203807,0.005220022326515772,0.0018902489712512294,0.002433893744076987,103.4816706265722,0.004069861560295686
ewm_ewma14_dist_to_nearest_ru_km_pastcov_lag-7,55.79094076156616,92.23865985870361,59.39430069923401,39.59355962276459,56.9995197057724,25.138949632644653,110.89119935035706,0.0036028690389696026,0.006144387266768492,0.002784188692581524,0.001971012645527237,0.0035743438720923894,0.0024469187873197517,0.0067402166859644504,62.863875661577495,0.0038948481413176345
darts_enc_fc_cyc_day_cos_futcov_lag-2,15.300300121307373,4.522819995880127,92.75746035575867,122.67617219686508,82.88612961769104,146.89403176307678,66.46191024780273,0.00057293585202145,0.0003015979470290642,0.004454832920086127,0.0075763858750401035,0.0034031503355252514,0.005850081954305919,0.003910107629382531,75.9284034711974,0.0037241560733414923
rolling_rsum7_7_act_total_daily_strike_events_pastcov_lag-1,112.08648002147675,53.44789046049118,95.82161432504654,13.120483934879303,38.73810315132141,146.68276941776276,85.23596906661987,0.005311070251915439,0.003961350365233152,0.005169113890658305,0.0008660057822731382,0.004780146569943633,0.0046724590570793815,0.0012253686300249145,77.87618719679969,0.0037122163638754237
env_weather_soil_moisture_0_to_100cm_mean_futcov_lag4,90.48309004306793,38.54652953147888,87.2600702047348,72.277130484581,98.62292224168777,62.13954949378967,79.38155162334442,0.006377209519707705,0.0011619317696595743,0.006297952803187323,0.0023699710885120907,0.00539942269229241,0.0020398217535962937,0.0020893607177830953,75.53012051752636,0.0036765243349626414
ewm_ewma14_act_drone_infra_ua_energy_intent_pastcov_lag-14,147.52832984924316,79.9240068346262,115.3956068456173,80.4854965209961,35.032270073890686,128.96826261281967,136.76419186592102,0.004108150768353846,0.0013834768651473928,0.0046004356806792265,0.00336372462239356,0.001799178831898751,0.006617003083961315,0.003669140352984046,103.44259494330201,0.0036487300293454486
darts_enc_fc_cyc_day_sin_futcov_lag-2,86.01367855072021,62.79051983356476,80.75390100479126,120.39023959636688,50.175700187683105,147.54105973243713,70.1095597743988,0.0033770914909840187,0.0022017721967100947,0.002683440541876481,0.007850893113080537,0.0014806862593085058,0.0049343503862126605,0.0024875034320566815,88.25352266856602,0.003573676774318426
ewm_ewma14_act_drone_infra_ua_energy_intent_pastcov_lag-1,105.20994973182678,102.742297321558,65.21653413772583,126.4366968870163,67.29200029373169,68.89827001094818,82.87958037853241,0.005042677590573685,0.0035102988773335177,0.0016831057510428905,0.004982439808879491,0.0020809423833159533,0.0025844300760962335,0.0044367236422501845,88.38218982304845,0.0034743740184988506
ewm_expdecay7_dist_to_nearest_contested_km_pastcov_lag-7,110.84811428189278,43.334229826927185,48.74337959289551,47.765899896621704,59.644670724868774,40.3356499671936,27.75238049030304,0.009956069690267588,0.0030398191273424803,0.0007875465852316132,0.0010644193229605082,0.0037991550557615605,0.004102375484393228,0.0013944341687719853,54.06061782581465,0.003449117062104138
ewm_expdecay7_acled_other_rus_shelling_artillery_missile_attack_pastcov_lag-1,165.42675960063934,64.21508049964905,31.492910146713257,96.20631992816925,28.78086006641388,38.63504981994629,70.19352054595947,0.01012366926360202,0.0021815494136180557,0.001797547638165553,0.0040572263910271245,0.0016601449205044584,0.001203822032083468,0.0024405824208292514,70.70721437249865,0.0033520774399757045
darts_enc_fc_cyc_dayofweek_sin_futcov_lag-2,14.349929809570312,3.2652900218963623,77.2964004278183,15.180520057678223,57.04145061969757,204.49011063575745,23.64559704065323,0.0006529490830496698,4.592921621660029e-05,0.0040914749307610744,0.0007176037266109825,0.0020845713669997547,0.013271523128372764,0.0024772642116818178,56.467042659010204,0.0033344736662418092
darts_enc_fc_cyc_dayofweek_sin_futcov_lag0,12.481910109519958,31.171550035476685,27.431119918823242,44.53094005584717,64.71428966522217,69.5174309015274,0.0,0.0005334030263840495,0.0025628467884797556,0.0009741123822138986,0.001646734645070569,0.0035951348057424283,0.013208181285109321,0.0,35.69246295520237,0.0032172018475714317
ewm_ewma14_dist_to_nearest_contested_km_pastcov_lag-7,72.31129956245422,16.856840133666992,31.075019721873105,39.57099008560181,134.10943853855133,75.5696394443512,10.64864981174469,0.0035807014492016177,0.0006706469743846144,0.0017664162796440452,0.0027569559773594765,0.007727005430770184,0.005666004954389248,0.000320412962109895,54.30598247117762,0.0032125920039798683
rolling_rsum14_14_dist_to_nearest_ru_km_pastcov_lag-7,62.01429092884064,28.507999420166016,64.15515971183777,40.80636012554169,26.50677990913391,31.120489835739136,51.89819049835205,0.004262810061608113,0.002423183787165284,0.0011570693051819792,0.003167097179405487,0.0028633200667740554,0.0008094522139022286,0.007192596688127706,43.57275291851589,0.0031250756145949792
region_statcov_target_act_drone_strike_on_ua,42.23323917388916,41.86719036102295,162.79911053180695,102.75350058078766,58.20999085903168,68.91338038444519,53.78861045837402,0.0010910917219451922,0.0013191157910781514,0.005815366687725021,0.006277880681495418,0.001895252793325941,0.0031061845908876063,0.0022384886201301636,75.79500319276538,0.0031061972695124993
ewm_ewma14_act_total_daily_strike_events_pastcov_lag-14,37.51487994194031,29.2260103225708,50.31393003463745,124.86046004295349,24.818219900131226,17.623419880867004,49.007840156555176,0.000651470850890079,0.00044615484062184854,0.0012585919302979143,0.015369383587375718,0.0006398402083751086,0.0012158868393476797,0.0018447918655545737,47.62353718280792,0.0030608743032089886
darts_enc_fc_cyc_day_sin_futcov_lag6,61.48054921627045,15.05273973941803,48.74241018295288,84.93483054637909,105.96443688869476,99.05523318052292,75.55914986133575,0.002684607890164936,0.0003595785380557714,0.001761520320629839,0.00305033738762428,0.004678470878082264,0.005573940638321151,0.0031467744490796257,70.11276423079627,0.003036461443136838
darts_enc_fc_cyc_dayofweek_sin_futcov_lag-1,65.78373980522156,3.1808199882507324,36.82328939437866,13.146829962730408,178.96665823459625,21.334160804748535,84.69092011451721,0.00248695205624625,7.09764818335401e-05,0.0016247731082186245,0.0006104000755533078,0.011229085674078298,0.0007006482138750992,0.004367009382134035,57.70377404349191,0.003012834998848451
rolling_rsum7_7_act_total_daily_strike_events_pastcov_lag-14,23.01649022102356,19.66189956665039,77.3090101480484,47.979025423526764,40.986610412597656,28.437139987945557,26.01087975502014,0.0006474010716915002,0.0029644941760795795,0.009903183614296096,0.004228086643070461,0.0013064743254826983,0.0012918098891150365,0.00038438166303889076,37.62872221640178,0.0029608330546820375
rolling_rmean28_28_fin_usd_rub_rate_pastcov_lag-1,45.811129570007324,22.2156503200531,100.78097951412201,12.779899835586548,83.60889112949371,2.5840699672698975,12.240790128707886,0.002374167106884717,0.001660616464769582,0.00590161424983906,0.0003930832691888764,0.009806003066391965,0.00013842659448797255,0.00020032218877334972,40.0030586378915,0.0029248904200479325
darts_enc_fc_cyc_day_cos_futcov_lag4,119.34220051765442,36.85321009159088,200.7970700263977,30.413650512695312,44.46617043018341,34.68564057350159,65.65379929542542,0.004781582411422592,0.000985101032158453,0.008310844772911552,0.0010400949098184453,0.0011696028619765154,0.0013194683879426128,0.002751570252224922,76.03024877820697,0.0029083235183507278
ewm_ewma14_act_drone_infra_ua_energy_intent_pastcov_lag-7,57.21724410355091,84.17541608214378,81.29569986462593,94.40864944458008,136.6217582821846,92.96882951259613,60.61032094061375,0.0012746047496763556,0.0018015869529510065,0.0019185496522019063,0.003056119813351432,0.004729071079823566,0.00393712157556374,0.00283219640646466,86.75684546147075,0.0027927500328618097
ewm_ewma14_act_drone_strike_on_rus_in_rus_nofpv_pastcov_lag-7,9.05858039855957,62.98715925216675,35.43394011259079,42.90381979942322,53.06379699707031,23.33114993572235,105.66032287478447,9.858425447539787e-05,0.005238538618918898,0.002829400363585788,0.003013592337591531,0.002361556484700311,0.00157564065390976,0.004249129171233501,47.49125276718821,0.002766634554916455
ewm_ewma14_act_drone_infra_ua_health_intent_pastcov_lag-7,26.510169744491577,0.0,51.68428039550781,18.637783229351044,182.5434491634369,63.04658055305481,44.60340976715088,0.001246691500663122,0.0,0.0024045059358159594,0.0011145440286249198,0.009500042051817625,0.002792401540012457,0.002003922423095239,55.28938183614186,0.00272315821143276
darts_enc_fc_cyc_day_cos_futcov_lag6,144.42485976219177,31.357849717140198,81.9515905380249,43.72984027862549,47.61550998687744,47.26833954453468,18.75098592042923,0.007586987449164684,0.0012670715775659146,0.0038098422780176167,0.002239000767533139,0.0015694843014421923,0.0018887177751374163,0.0006483716343074208,59.29985367826053,0.0027156393975954836
darts_enc_fc_cyc_day_cos_futcov_lag2,61.28471922874451,26.104475140571594,43.063419342041016,59.18271994590759,50.63713026046753,37.08371949195862,183.85771012306213,0.001529920546080854,0.0009020830923028855,0.0015851498901654937,0.0033352705322573285,0.0021729380112355478,0.0012512489376421466,0.007085337445673056,65.88769907610757,0.0025517069221939015
ewm_ewma14_act_total_daily_strike_events_pastcov_lag-7,27.65072011947632,21.264689803123474,13.841950178146362,56.39359891414642,164.24455162882805,72.07808041572571,19.608234986662865,0.0003737355498065309,0.0007307926103236939,0.0003727508848627048,0.001515469923914381,0.008430364956978265,0.006226105938713089,0.000132181517895269,53.58311800658703,0.0025402001974991336
darts_enc_fc_cyc_day_cos_futcov_lag5,106.33634707331657,145.97739005088806,29.672499895095825,69.08808419108391,43.322812497615814,35.32342028617859,28.21889042854309,0.004999686518626345,0.005444711237048749,0.0006328931136880378,0.002509769876583956,0.001107319383594274,0.0015113444583821245,0.0010244173650900024,65.4199206318174,0.0024614488504304984
darts_enc_fc_cyc_day_cos_futcov_lag1,41.536850452423096,32.88205027580261,100.57789993286133,69.03856098651886,49.63746976852417,85.34207105636597,56.91706049442291,0.0016124867483958915,0.0010672406364337528,0.0031881719001312313,0.0034307909788292346,0.001659839040191935,0.0030528667873849225,0.0024694112703836923,62.275994709559846,0.002354401051678665
rolling_rmean28_28_fin_usd_rub_rate_pastcov_lag-14,72.95427918434143,26.261020064353943,92.1846694946289,56.11615025997162,69.68784999847412,43.537700057029724,60.50526034832001,0.004126548681686137,0.0005376834920486129,0.00338472379195538,0.0022783073655964882,0.0019357858406281237,0.0015203471734547946,0.0020557777133584088,60.17813277244568,0.002262739151246849
darts_enc_fc_cyc_dayofyear_cos_futcov_lag-2,88.28894877433777,46.39557993412018,19.09323024749756,32.55919301509857,75.29578042030334,63.29868960380554,92.45908975601196,0.0031974994868530617,0.002101893940075228,0.000703638613777291,0.001048277010716303,0.0024714622130166397,0.0036373116210538957,0.0016452479437651713,59.62721596445356,0.0021150472613225128
rolling_rmean28_28_dist_to_nearest_contested_km_pastcov_lag-14,24.52250027656555,42.94747066497803,33.62523141503334,25.551509976387024,57.22520971298218,46.18950033187866,43.66027021408081,0.0011063764695609546,0.0013102146254964531,0.0010851467785852665,0.0015651936493779716,0.005144901194093987,0.00284729156505803,0.0017106888751792005,39.1030989417008,0.002109973308193123
darts_enc_fc_cyc_dayofweek_cos_futcov_lag-1,10.683339834213257,66.91559028625488,79.5674500465393,2.6280300617218018,49.10288071632385,19.72467017173767,20.69797945022583,0.0004032650420995987,0.004310174116188947,0.005956675108361198,6.550175563861949e-05,0.001629773606022744,0.0016436626037590774,0.0005871193036994127,35.617134366716655,0.0020851673622528
ewm_ewma14_acled_other_rus_armed_clash_pastcov_lag-1,84.82663989067078,42.24024999141693,58.507959723472595,2.9845800399780273,5.576280117034912,2.2230100631713867,0.0,0.006496465149170394,0.004775149166439441,0.0024830518398312627,9.193239738840564e-05,0.0003974565024441157,0.00013860683678947882,0.0,28.05124568939209,0.0020546659845804426
rolling_rsum14_14_act_total_daily_strike_events_pastcov_lag-1,21.4299898147583,6.567279040813446,134.6074320077896,44.70153820514679,8.126808106899261,17.26375985145569,8.996419906616211,0.0019108335238041453,0.00022835758458670253,0.008073452299167116,0.002428695237827028,0.0005049539203237918,0.00017740821845335653,0.0004603641060125341,34.5276038476399,0.00196915212716781
darts_enc_fc_cyc_month_cos_futcov_lag-2,3.766930103302002,0.0,1.781000018119812,5.272719860076904,29.79690957069397,70.23411989212036,0.0,9.622711452927923e-05,0.0,2.4155539946479897e-05,8.448633165991648e-05,0.0026144484006270343,0.010860732190652311,0.0,15.835954206330436,0.0019542927967735745
rolling_rmean28_28_act_total_daily_strike_events_pastcov_lag-14,17.249040126800537,0.0,35.681157037615776,15.075729846954346,15.134689927101135,12.935180068016052,90.53310786187649,0.0011224814624411605,0.0,0.005241980333253049,0.000981067137970726,0.0005886594751602026,0.000656587045997914,0.004354904981557417,26.658414981194905,0.0018493829194829242
rolling_rsum14_14_dist_to_nearest_contested_km_pastcov_lag-14,18.97028785943985,40.900410413742065,50.203024581074715,4.165706098079681,65.01161003112793,4.282420039176941,13.973790407180786,0.0017332632455842266,0.0022501815097073718,0.0021641493693523193,9.499957312884e-05,0.005292448237758185,0.00031180778974964073,0.0006960164181233353,28.215321347117424,0.0017918380204862742
darts_enc_fc_cyc_dayofyear_sin_futcov_lag-2,11.923890113830566,80.02459931373596,97.57717037200928,43.52993035316467,26.86555004119873,28.33566975593567,28.925220251083374,0.0007638211312089415,0.003018578892168833,0.0030888805130344643,0.0013289817156043383,0.0017994030028497087,0.001201299882980522,0.0009543949137466479,45.31171860013689,0.0017364800073704936
rolling_rmean28_28_acled_other_rus_shelling_artillery_missile_attack_pastcov_lag-14,0.0,4.6532301902771,14.326629877090454,26.18824005126953,141.7903093099594,147.70912849903107,59.90821027755737,0.0,0.00021176899487900246,0.0006862433249331002,0.0011530570947582363,0.004048322779773761,0.005200335227820818,0.0006989278988142944,56.367964029312134,0.0017140936172827445
darts_enc_fc_cyc_day_cos_futcov_lag3,32.924360036849976,39.96748995780945,70.98541986942291,67.77370035648346,33.72216987609863,6.164180040359497,31.854819536209106,0.0014122379198460821,0.001573393385330002,0.003087522769671569,0.002636199712607601,0.0015599515801556496,0.000337479987464695,0.0013110267163873423,40.48459138189043,0.0017025445816375628
darts_enc_fc_cyc_dayofweek_cos_futcov_lag-2,34.487120389938354,29.98843026161194,13.504629850387573,0.0,10.548500061035156,37.40449047088623,44.864190340042114,0.0014713606104381992,0.002955270181900893,0.00025774636025415186,0.0,0.00029735755331272706,0.004098132819238831,0.002626964665029807,24.39962305341448,0.0016724045985963727
darts_enc_fc_cyc_dayofyear_sin_futcov_lag0,53.91207003593445,5.633500099182129,4.106499910354614,51.195499897003174,116.2853097319603,27.70239019393921,15.593550205230713,0.0025319181738736817,0.00022450331723613547,0.00011409464790055335,0.0022478084105669316,0.003654922281330819,0.0015904443153758941,0.0009551598411024376,39.20411715337208,0.001616978712483779
rolling_rsum14_14_act_drone_strike_on_rus_in_rus_nofpv_pastcov_lag-1,33.085360050201416,149.54293483495712,26.864049911499023,0.0,25.975650310516357,60.020342111587524,34.81726675853133,0.001729249569370528,0.005764726789620278,0.0006178034415079026,0.0,0.0004239119827641691,0.001354140366941503,0.0012429905229649264,47.18651485389897,0.0015904032390241867
darts_enc_fc_cyc_dayofyear_sin_futcov_lag-1,19.98631000518799,21.99731969833374,52.58064007759094,149.088210105896,24.800909996032715,29.023900508880615,7.835789918899536,0.0005230636135320266,0.00032597858092557884,0.002123390698616623,0.00504616554355457,0.001037553979636363,0.00131379988364837,0.0007419911330048157,43.61615433011736,0.0015874204904169071
ewm_ewma14_acled_other_rus_armed_clash_pastcov_lag-14,17.65712708234787,28.331390738487244,17.45032012462616,17.51270294189453,93.87043207883835,42.93304932117462,149.0391800403595,0.00013915936572319598,0.00024351247430054457,0.0006320870990224492,0.0007589595513604497,0.0034751549587796137,0.0015010507257590788,0.00409263922115044,52.399171761104036,0.0015489376280136819
rolling_rmean28_28_total_ru_area_km2_pastcov_lag-7,72.33755040168762,48.66737711429596,1.7301900386810303,27.54654049873352,23.448920130729675,64.2966901063919,54.336430072784424,0.0035970203826688916,0.0009074831705102148,2.8742859956176758e-05,0.0006974646624208214,0.0010724869896053368,0.002303790745082179,0.0021254075866057763,41.76624262332916,0.0015331994852641998
rolling_rmean28_28_dist_to_nearest_contested_km_pastcov_lag-1,10.585200071334839,23.47880983352661,86.29454982280731,17.523749828338623,24.993229627609253,14.551340579986572,17.51412010192871,0.0009495831398064647,0.0010556102208614914,0.0053348740173610135,0.0013092445993924783,0.0011158790690269705,0.0003631058966295786,0.000562941018259,27.84871426650456,0.001527319708762428
rolling_rmean28_28_act_total_daily_strike_events_pastcov_lag-7,20.47546112537384,9.398046970367432,4.153182029724121,35.00379252433777,95.90183264017105,40.922160029411316,18.81514000892639,0.0006131435419535425,0.0005047193968308106,0.0001410256520369524,0.002108527122557868,0.004624110590539998,0.0013604177036953935,0.0008817610254622466,32.09565933261599,0.001461957861868116
ewm_ewma14_act_drone_strike_on_rus_in_rus_nofpv_pastcov_lag-1,18.140119791030884,148.13410764932632,258.8066508769989,21.330050468444824,24.013559818267822,10.460730075836182,50.238150119781494,0.00012919913886391132,0.005775937316241086,0.00120386193083295,0.0009322192896108028,0.000506864006930563,0.0001398911691265603,0.0014946404209660535,75.87476697138378,0.0014546590389388468
darts_enc_fc_cyc_dayofyear_sin_futcov_lag5,45.52416944503784,25.099169731140137,4.236070156097412,25.212050199508667,22.015610456466675,81.07621002197266,23.34295964241028,0.002119282817530177,0.0011571992272841447,0.0002685498358678817,0.000731811554121653,0.0007837141291259453,0.003988346648088337,0.0004991568359725251,32.358034236090525,0.0013640087211415233
darts_enc_fc_cyc_dayofyear_sin_futcov_lag6,80.33775067329407,46.68367004394531,10.589771002531052,7.291760206222534,42.967350006103516,28.89940047264099,20.373509645462036,0.0038185504405081837,0.001483490127217002,0.00031453185476078006,0.0003610496021726695,0.0015632677844131583,0.0009823245458629559,0.0008122956899158762,33.877601721457076,0.0013336442921215179
rolling_rsum14_14_dist_to_nearest_contested_km_pastcov_lag-1,52.8571902513504,23.809030055999756,21.221709966659546,15.21472293138504,20.190710067749023,70.20121002197266,32.784719944000244,0.0008319371257667685,0.00034057028735652307,0.0014430999667224941,0.00034247254594081954,0.000934697585397104,0.002912249662212996,0.0024365019778846086,33.75418474844524,0.0013202184501830449
rolling_rmean28_28_fin_usd_rub_rate_pastcov_lag-7,46.920989871025085,11.959750175476074,35.58571773767471,44.97455036640167,58.024590611457825,49.265160381793976,27.412779808044434,0.0020714174780673165,5.565909046503226e-05,0.0008091567026978109,0.0016554998588873993,0.0019957461366545415,0.0015098601967546532,0.000833454551827062,39.16336270741054,0.0012758277164791165
darts_enc_fc_cyc_dayofyear_sin_futcov_lag2,10.707929849624634,23.46454954147339,74.1610896885395,27.984623223543167,0.0,65.42173957824707,13.386119961738586,0.0001296919696600396,0.0009182442826623172,0.0027780915420195563,0.001608388004628747,0.0,0.00274999913223386,0.0006085725906912476,30.732293120452336,0.0012561410745565384
darts_enc_fc_cyc_dayofyear_sin_futcov_lag1,13.614960670471191,49.54012966156006,27.374249696731567,1.607699990272522,46.70049035549164,69.3557403087616,13.897239848971367,0.0004832204222388947,0.0020285772186947383,0.00146246989573513,2.8696813754502948e-05,0.00159195260267746,0.002698461323059398,0.0004168348544810074,31.727215790322848,0.0012443161615201617
darts_enc_fc_cyc_dayofyear_cos_futcov_lag6,61.80292880535126,58.792518615722656,12.934100151062012,66.9017903804779,7.5728600025177,18.79062032699585,5.891290187835693,0.0025132028658956473,0.0012445398114356633,0.000638664670076694,0.0027678189195372792,0.0002930507120761483,0.0006873851313278889,-2.8234956961137314e-05,33.24087263856615,0.0011594895933411693
darts_enc_fc_cyc_dayofyear_cos_futcov_lag0,4.819054037332535,5.041029930114746,33.60002017021179,4.837890148162842,79.2605094909668,40.390480041503906,0.0,0.0001667419217966426,0.00022247622278603885,0.0008658718942882393,5.88987351382908e-05,0.005411121874574864,0.0009422833931998165,0.0,23.992711974041804,0.0010953420059691276
rolling_rmean28_28_dist_to_nearest_contested_km_pastcov_lag-7,65.88954973220825,12.427487961715087,1.1837999820709229,37.22041893005371,16.290520191192627,68.56630027294159,9.247270107269287,0.0020134173711581216,0.0003916445625426812,8.147889574141586e-05,0.0008872493020929628,0.00030236883829275473,0.0035739251063636513,0.000405184381058854,30.117906739635924,0.001093609779607206
rolling_rsum14_14_act_total_daily_strike_events_pastcov_lag-7,32.02835988998413,68.75181043148041,30.588890075683594,8.85099995136261,16.731660068035126,1.7656734362244606,21.299010276794434,0.0015195315346734572,0.00341351232647491,0.0014675715751186313,3.592762207800248e-05,0.0006620718434420247,3.6075942319491185e-05,0.00035060792807066753,25.716629161366395,0.0010693283960253122
darts_enc_fc_cyc_month_sin_futcov_lag6,0.0,13.907589673995972,7.421939849853516,5.492579936981201,216.24275958538055,11.672510147094727,6.428890228271484,0.0,0.0004137573321679744,0.00033527565549731355,0.00018260316267593169,0.006073144124318563,5.93790027625607e-05,-4.456840679898377e-05,37.30946706022535,0.0010027986958033373
rolling_rsum14_14_dist_to_nearest_contested_km_pastcov_lag-7,2.8498198986053467,21.295380353927612,1.780897330492735,9.054780006408691,35.68836975097656,11.542370080947876,25.37805986404419,7.483726238859401e-05,0.0011348407747880263,6.192860863454274e-05,0.00024164771354242553,0.002325516024836949,0.0015718569123224669,0.0014441648654546224,15.369953897914716,0.0009792560231382324
darts_enc_fc_cyc_dayofweek_sin_futcov_lag1,3.7159900665283203,34.57327055931091,2.8569400310516357,0.0,120.00271987915039,5.151519775390625,1.826200008392334,9.694350581197497e-05,0.0019471534883917173,0.00055602186979824,0.0,0.0035902839077310176,0.00017573450414389846,0.0003182909460790029,24.018091474260604,0.0009549183174222646
darts_enc_fc_cyc_month_cos_futcov_lag-1,0.0,5.407400131225586,0.0,1.7735999822616577,5.260159969329834,9.487150192260742,36.46065181493759,0.0,0.0002158637969390975,0.0,-1.1466250118385979e-05,0.00023149859584505882,0.000851257692940921,0.005101503789154038,8.341280298573631,0.0009126653749658186
ewm_expdecay7_dist_to_nearest_contested_km_pastcov_lag-14,43.4614896774292,45.65449023246765,37.801862467080355,30.24055027961731,11.707599878311157,10.149531822651625,12.982340097427368,0.0006906269637910522,0.0011149261163655665,0.0009424550441889945,0.001261158256389372,0.0004976305908493073,0.0007749101294759697,0.0005539351610902576,27.428266350712097,0.0008336631803072172
darts_enc_fc_cyc_dayofyear_sin_futcov_lag3,36.66074991226196,12.630760073661804,4.269700050354004,14.910959839820862,14.09211015701294,44.427550077438354,23.701849937438965,0.0013675445687220344,0.0003610342952885981,0.00014907425419352638,0.0006838205533114428,0.0006759183261000779,0.0016512611207341933,0.0008857744852404092,21.52766857828413,0.0008249182290843261
darts_enc_fc_cyc_dayofyear_sin_futcov_lag4,26.862390279769897,17.57540988922119,68.44151020050049,1.1027799844741821,42.02662014961243,9.565970182418823,12.98787009716034,0.001014848669967483,0.0005738534225129266,0.0012976621234007002,2.9454560849595525e-05,0.001821326232051157,0.0002126890013662397,0.00026706456685166025,25.508935826165335,0.0007452712252856803
ewm_ewma14_act_drone_infra_ua_health_intent_pastcov_lag-1,0.0,4.41346001625061,8.109599828720093,19.701160192489624,15.986719846725464,33.29291009902954,4.359702944755554,0.0,8.37130123655383e-05,0.0002909105819345559,0.000836283689864592,0.0011246507179590193,0.0025279497966557373,0.00020928929114389928,12.266221846852984,0.0007246852985604775
rolling_rsum14_14_act_total_daily_strike_events_pastcov_lag-14,0.0,24.91733330488205,13.795849800109863,11.174690008163452,41.223668932914734,16.34189009666443,31.790601909160614,0.0,0.0001670652435859621,0.00041360312084037787,0.0012427775471902658,0.0008686116692933954,0.00071392158616288,0.0016101019724874543,19.892004864556448,0.0007165830199371908
darts_enc_fc_cyc_week_cos_futcov_lag-2,5.394989967346191,0.0,0.0,25.026569843292236,16.984830021858215,21.044699907302856,12.085040092468262,0.000288660710869304,0.0,0.0,0.0016522258114506582,0.001259006611051472,0.0011709429445525554,0.00027187181614911625,11.50516140460968,0.0006632439848675866
rolling_rmean28_28_total_ru_area_km2_pastcov_lag-1,9.774760246276855,8.996878862380981,12.997130155563354,42.34252607822418,6.008662939071655,12.53560996055603,77.75400948524475,0.00038067524546412377,0.0005200181261271642,0.00010621097505714161,0.0007872395634216156,0.00029398733069445625,6.72856994493376e-05,0.0024264973391542543,24.34422538961683,0.0006545591827668704
rolling_rsum7_7_acled_other_rus_shelling_artillery_missile_attack_pastcov_lag-1,0.0,30.762699961662292,5.00137996673584,0.0,0.0,0.0,18.066110014915466,0.0,0.002496176741440581,0.0003460897135379337,0.0,0.0,0.0,0.0013869496223138267,7.690027134759085,0.0006041737253274773
darts_enc_fc_cyc_week_sin_futcov_lag0,6.484330177307129,35.117440700531006,39.57206964492798,0.0,14.967050552368164,0.0,13.580260038375854,0.00023565875688649207,0.0007069413065876162,0.001475055894830013,0.0,0.0004906750393582238,0.0,0.001225336560671808,15.674450159072876,0.000590523936904879
darts_enc_fc_cyc_week_sin_futcov_lag-2,21.763129711151123,9.627320289611816,4.222460031509399,0.0,97.59999918937683,10.65427017211914,0.0,0.0009808228892938865,0.0003599628447315872,0.00011269898916106413,0.0,0.002193989055275414,0.00035784113476244883,0.0,20.552454199109757,0.000572187844746343
rolling_rmean28_28_acled_other_rus_shelling_artillery_missile_attack_pastcov_lag-7,8.478539943695068,8.497139930725098,49.89643931388855,15.562730073928833,10.029530048370361,4.75137996673584,0.0,0.00015258829784852156,0.00035323858669265016,0.002050102890245298,0.0006161826881346588,0.000639197170234862,0.00018058656857988797,0.0,13.887965611049108,0.0005702708859622683
darts_enc_fc_cyc_dayofweek_cos_futcov_lag2,13.657609939575195,1.455180048942566,2.747040033340454,21.18684959411621,8.122120141983032,18.01554012298584,20.84397029876709,0.0003888408911108199,0.00028245292418127566,8.133137102532828e-05,0.00048279145557683645,0.00038258646167312895,0.0010034877039855061,0.001046556403525667,12.289758597101484,0.0005240067444397947
darts_enc_fc_cyc_dayofyear_cos_futcov_lag5,26.17317008972168,20.332839727401733,2.1179099082946777,27.280825227499008,5.555689811706543,0.0,21.893609881401062,0.0009808668100234064,0.0007288566119164841,0.00010870047533817484,0.001073011453759176,3.0406291219953195e-05,0.0,0.0006249435356031841,14.764863520860672,0.0005066835968371969
darts_enc_fc_cyc_month_cos_futcov_lag6,0.0,0.0,17.80968976020813,0.0,0.0,35.56468975543976,0.0,0.0,0.0,0.0017399824784183338,0.0,0.0,0.0016063588177801958,0.0,7.624911359378269,0.0004780487565997899
darts_enc_fc_cyc_dayofweek_cos_futcov_lag1,7.316870212554932,5.845959901809692,5.726570010185242,13.794700145721436,31.888309955596924,12.737510204315186,0.0,0.0002785785540975638,0.0001547179105044094,0.00025560193850155956,0.00035463076101072133,0.0016330322245885487,0.0005037561178753647,0.0,11.04427434716906,0.0004543310723683096
darts_enc_fc_cyc_dayofyear_cos_futcov_lag1,9.919569969177246,8.84570026397705,11.387969970703125,17.355039834976196,3.5434699058532715,0.0,18.41907024383545,0.00027679067313217675,9.8716389805098e-05,0.001124367156889039,0.0009981871368700546,0.00032732849019943,0.0,0.0003066238019885148,9.92440288407462,0.00044743052126918755
darts_enc_fc_cyc_dayofyear_cos_futcov_lag4,15.326119899749756,17.12634038925171,13.244420051574707,4.15132999420166,9.07544994354248,3.393709897994995,6.999989986419678,0.001244579056662376,0.0005599031988700931,0.00045203348434341706,0.00023358766738603708,0.00012328078821006728,-4.417544036865451e-05,0.00015844728678879872,9.902480023247856,0.00038966514884173357
darts_enc_fc_cyc_dayofyear_cos_futcov_lag-1,0.0,6.598030090332031,8.256860256195068,13.768309593200684,31.812690019607544,19.780250072479248,21.13470983505249,0.0,9.853382210898154e-05,0.0001633814970040115,0.0003238216085912571,0.0009181666979576564,0.0008363405598711182,0.0003247767487085662,14.478692838123866,0.00038071727632022726
darts_enc_fc_cyc_dayofweek_sin_futcov_lag2,4.120490074157715,16.59665012359619,6.4125800132751465,1.4835699796676636,0.0,4.7890400886535645,29.043100357055664,0.00012977428575244865,0.0006281754889780444,0.00028574012307718276,0.000195105835169751,0.0,0.00011601594089458712,0.0011854439186094411,8.920775805200849,0.0003628936560687793
darts_enc_fc_cyc_week_cos_futcov_lag1,0.0,9.886500358581543,7.831620216369629,7.717740058898926,14.19350004196167,2.3329899311065674,7.038150072097778,0.0,6.860109756199329e-05,0.00036090589908774893,0.00027295021381426034,0.0014127563030096103,0.00020785271422318896,0.00018338718266028842,7.0000715255737305,0.0003580647729081558
darts_enc_fc_cyc_week_cos_futcov_lag2,7.565370082855225,41.646939754486084,2.099299907684326,2.1659998893737793,0.0,14.613649845123291,0.0,0.0002858849484448589,0.0005071910840738659,0.000154381424299177,2.1443213563698828e-05,0.0,0.0014529293516802877,0.0,9.727322782788958,0.0003459757174374126
ewm_ewma14_acled_other_rus_armed_clash_pastcov_lag-7,1.9190700054168701,33.07249975204468,12.808879852294922,14.004640102386475,24.214629769325256,21.159390091896057,4.577280044555664,0.00010642123034600992,-7.437107062386872e-05,0.00022057590712696307,0.0004545099442117673,0.0006780045510192956,0.000606369664413009,0.0001674663687768474,15.965198516845703,0.0003084252278957176
act_drone_strike_on_ua_target_lag-1,39.856629848480225,0.0,0.0,0.0,0.0,0.0,0.0,0.0017860695876267042,0.0,0.0,0.0,0.0,0.0,0.0,5.6938042640686035,0.0002551527982323863
darts_enc_fc_cyc_month_sin_futcov_lag-2,21.98982000350952,0.0,0.0,6.098180055618286,6.533400058746338,8.816680073738098,7.135999917984009,0.0009967616716879402,0.0,0.0,0.00010355593418751586,0.0001663595412097596,0.0003055175367859597,0.00015404940637981924,7.2248685870851785,0.0002466062986072849
rolling_rmean28_28_act_total_daily_strike_events_pastcov_lag-1,4.310345113277435,36.91316282749176,7.719003200531006,19.803200364112854,11.224515207111835,2.336639881134033,0.860616996884346,7.172477416308442e-05,0.0004040067715239015,0.0003169044164055057,0.00041764985246752764,0.00043878220019855085,1.0018373283204873e-05,1.805928780846955e-05,11.881069084363324,0.00023959223940717776
darts_enc_fc_cyc_dayofyear_cos_futcov_lag2,7.148270130157471,12.584150839596987,19.92083978652954,0.0,0.0,33.84433937072754,0.0,0.00017724328373884822,0.00026380540055894743,0.0008852240421403313,0.0,0.0,0.00030668861993810026,0.0,10.499657161001648,0.00023328019233946102
darts_enc_fc_cyc_dayofweek_sin_futcov_lag4,0.0,0.0,0.0,0.0,0.0,9.854659914970398,0.0,0.0,0.0,0.0,0.0,0.0,0.0015638165050713803,0.0,1.4078085592814855,0.00022340235786734005
darts_enc_fc_cyc_dayofweek_cos_futcov_lag0,0.0,6.231200218200684,11.266860008239746,5.365949988365173,6.45412015914917,24.243030309677124,0.0,0.0,0.00015968660558622892,0.00028761811700324104,0.00010644677202489294,0.00019415972377463399,0.0007837715211900908,0.0,7.651594383375985,0.00021881181993986968
darts_enc_fc_cyc_week_sin_futcov_lag1,2.937570095062256,5.925429821014404,5.894740104675293,4.675759792327881,11.633640050888062,0.0,5.928709983825684,4.976046791920208e-05,0.0001903691885710046,8.875768544212015e-05,0.0001199131035602985,0.0008318211006632659,0.0,0.00010085165424957853,5.285121406827654,0.00019735331434363851
darts_enc_fc_cyc_dayofweek_cos_futcov_lag3,0.0,0.0,4.504459857940674,0.0,0.0,33.23312020301819,0.0,0.0,0.0,8.417800507887208e-05,0.0,0.0,0.0012920874168082853,0.0,5.391082865851266,0.00019660934598387964
darts_enc_fc_cyc_month_cos_futcov_lag2,2.2260398864746094,3.45238995552063,22.279510378837585,0.0,0.0,3.0373799800872803,0.0,9.3184120732559e-05,0.0002738806679622341,0.000893030303044462,0.0,0.0,-3.7296101474826314e-05,0.0,4.42790288584573,0.00017468557003777553
darts_enc_fc_cyc_month_cos_futcov_lag3,4.458000183105469,0.0,10.142109870910645,0.0,4.093970060348511,1.827620029449463,0.0,0.00029490909773315365,0.0,0.0006060211885533517,0.0,0.00021624075257631326,4.230157534694801e-05,0.0,2.931671449116298,0.00016563894488710954
darts_enc_fc_cyc_week_cos_futcov_lag0,0.0,4.06220006942749,9.682509899139404,14.68435001373291,0.0,10.18460988998413,0.0,0.0,5.5360942751847554e-05,0.0001049160196734178,0.0007843477643146191,0.0,0.0001919218126891664,0.0,5.5162385531834195,0.00016236379134700727
darts_enc_fc_cyc_dayofyear_cos_futcov_lag3,14.681620597839355,14.686939716339111,4.684550046920776,5.046750068664551,0.0,9.758739948272705,10.249199867248535,0.0004611160630682676,0.0003209766345338316,1.3396272757737471e-05,0.00019737350563733269,0.0,1.7754702787309284e-06,9.29228559342521e-05,8.443971463612147,0.00015536582888716464
darts_enc_fc_cyc_month_sin_futcov_lag3,0.0,0.0,6.996620178222656,14.714890003204346,0.0,17.981050491333008,0.0,0.0,0.0,0.00020795543745328883,0.0001920565448845446,0.0,0.0006700635094902374,0.0,5.670365810394287,0.00015286792740401009
darts_enc_fc_cyc_week_sin_futcov_lag5,5.890850067138672,0.0,0.0,0.0,25.484789848327637,0.0,0.0,0.00038793848011640095,0.0,0.0,0.0,0.0005994865498685442,0.0,0.0,4.482234273638044,0.00014106071856927787
darts_enc_fc_cyc_week_sin_futcov_lag3,0.0,0.0,12.497050046920776,7.106870174407959,5.411789894104004,14.756699562072754,0.0,0.0,0.0,0.00037340046614091625,0.00010486970266716522,0.0001901807530152677,0.00031594473561615823,0.0,5.681772811072213,0.0001406279510627868
darts_enc_fc_cyc_month_cos_futcov_lag5,0.0,5.336829900741577,0.0,10.651020407676697,1.354259967803955,8.088120222091675,0.0,0.0,0.0001430944130959233,0.0,0.00019186720323947082,3.369519884088845e-06,0.0006036816314612725,0.0,3.6328900711877004,0.0001345732525258222
rolling_rmean28_28_acled_other_rus_shelling_artillery_missile_attack_pastcov_lag-1,5.3010101318359375,0.0,0.0,0.0,5.289470195770264,0.0,8.77301025390625,0.00025451543087195994,0.0,0.0,0.0,0.00033257822939092296,0.0,0.00034130456922096817,2.7662129402160645,0.00013262831849769301
darts_enc_fc_cyc_week_cos_futcov_lag-1,4.159019947052002,0.0,10.111790180206299,0.0,0.0,0.0,10.504050016403198,0.00015413461889000058,0.0,0.0004575935450060298,0.0,0.0,0.0,0.0002388140597836763,3.5392657348087857,0.00012150603195424381
darts_enc_fc_cyc_month_cos_futcov_lag4,0.0,0.0,0.0,0.0,19.428709983825684,12.165250301361084,0.0,0.0,0.0,0.0,0.0,0.0006128562155603534,0.0002102244595950431,0.0,4.513422897883824,0.00011758295359362807
rolling_rsum7_7_acled_other_rus_shelling_artillery_missile_attack_pastcov_lag-14,0.0,0.0,0.0,9.758879899978638,0.0,0.0,0.0,0.0,0.0,0.0,0.0007668426170083676,0.0,0.0,0.0,1.3941256999969482,0.00010954894528690965
darts_enc_fc_cyc_dayofweek_sin_futcov_lag3,11.958620071411133,0.0,0.0,0.0,4.35837984085083,0.0,0.0,0.0002889115334660852,0.0,0.0,0.0,0.00045668135201468727,0.0,0.0,2.3309999874659946,0.00010651326935439606
darts_enc_fc_cyc_month_sin_futcov_lag-1,6.6455299854278564,0.0,0.0,0.0,0.0,8.142499923706055,3.4684300422668457,0.00028968015302948124,0.0,0.0,0.0,0.0,0.000337045400234115,8.476946835149768e-05,2.6080657073429654,0.00010164214594501343
darts_enc_fc_cyc_week_cos_futcov_lag4,22.63284993171692,0.0,0.0,0.0,10.269179821014404,0.0,0.0,0.0005494726237156744,0.0,0.0,0.0,0.00014096829744250083,0.0,0.0,4.700289964675903,9.863441730831076e-05
darts_enc_fc_cyc_month_cos_futcov_lag1,0.0,6.2368998527526855,3.510240077972412,26.958229780197144,0.0,1.849660038948059,0.0,0.0,1.7526578522786274e-05,6.288416200250779e-05,0.0005308561344652852,0.0,4.252004669282883e-05,0.0,5.507861392838614,9.33981316690583e-05
darts_enc_fc_cyc_month_sin_futcov_lag5,0.0,17.92950963973999,1.8412699699401855,2.2288401126861572,3.776400089263916,0.0,0.0,0.0,0.00034080767846065283,6.29121740674643e-05,0.00010201482807690177,0.00014410723530811076,0.0,0.0,3.682288544518607,9.283455941616138e-05
darts_enc_fc_cyc_week_sin_futcov_lag-1,0.0,5.750629901885986,0.0,1.1352499723434448,10.473429918289185,9.036969900131226,0.0,0.0,0.0001233789088516568,0.0,2.5596801957639138e-05,0.00024016506357384947,0.00018565127000225168,0.0,3.7708970989499773,8.211314919791388e-05
darts_enc_fc_cyc_dayofweek_sin_futcov_lag6,11.784949779510498,0.0,0.0,0.0,0.0,0.0,0.0,0.0005640689471747562,0.0,0.0,0.0,0.0,0.0,0.0,1.6835642542157854,8.058127816782232e-05
darts_enc_fc_cyc_month_sin_futcov_lag4,0.0,0.0,0.0,0.0,3.69569993019104,8.242199897766113,6.019479990005493,0.0,0.0,0.0,0.0,7.313974312994631e-05,0.00031859231563806655,0.0001629185721288895,2.565339973994664,7.92358044138432e-05
ewm_ewma14_acled_other_ua_armed_clash_pastcov_lag-1,0.0,0.0,0.0,0.0,4.138170003890991,4.248199939727783,0.0,0.0,0.0,0.0,0.0,0.0003083375408592159,0.0001859501401399788,0.0,1.1980528490883964,7.061252585702781e-05
darts_enc_fc_cyc_week_sin_futcov_lag4,3.87037992477417,0.0,0.0,0.0,0.0,12.887400150299072,0.0,0.00018570712093728402,0.0,0.0,0.0,0.0,0.00012392137758463485,0.0,2.3939685821533203,4.423264264598841e-05
darts_enc_fc_cyc_dayofweek_cos_futcov_lag4,0.0,6.767360210418701,0.0,0.0,0.0,0.0,4.087890148162842,0.0,0.00016937881346144046,0.0,0.0,0.0,0.0,0.00010354945020767392,1.5507500512259347,3.898975195273063e-05
darts_enc_fc_cyc_week_cos_futcov_lag5,3.8442599773406982,10.876220226287842,0.0,0.0,0.0,0.0,0.0,0.00012564005075597074,0.0001415667172420143,0.0,0.0,0.0,0.0,0.0,2.1029257433755055,3.817239542828358e-05
rolling_rsum7_7_acled_other_rus_shelling_artillery_missile_attack_pastcov_lag-7,0.0,0.0,0.0,3.5007200241088867,0.0,0.0,5.396629810333252,0.0,0.0,0.0,0.00014199794811413645,0.0,0.0,9.769042920662052e-05,1.271049976348877,3.424119676010814e-05
darts_enc_fc_cyc_month_sin_futcov_lag1,0.0,0.0,0.0,0.0,1.3652600049972534,5.448629856109619,0.0,0.0,0.0,0.0,0.0,3.333282042607966e-05,0.0001908572284574195,0.0,0.9734128373009818,3.2027149840499875e-05
darts_enc_fc_cyc_week_sin_futcov_lag2,0.0,2.755500078201294,0.0,0.0,7.775059938430786,0.0,0.0,0.0,4.104955749892891e-05,0.0,0.0,0.00016788832939287345,0.0,0.0,1.5043657166617257,2.9848269555971768e-05
darts_enc_fc_cyc_month_cos_futcov_lag0,0.0,0.0,0.0,4.386099815368652,0.0,3.168260097503662,0.0,0.0,0.0,0.0,6.91688000303392e-05,0.0,0.0001382120089992389,0.0,1.0791942732674735,2.96258298613683e-05
darts_enc_fc_cyc_week_sin_futcov_lag6,0.0,0.0,0.0,0.0,0.0,14.274630308151245,0.0,0.0,0.0,0.0,0.0,0.0,0.0001891822142291,0.0,2.0392329011644637,2.702603060415714e-05
darts_enc_fc_cyc_week_cos_futcov_lag3,0.0,0.0,0.0,6.495739936828613,0.0,2.6117799282073975,0.0,0.0,0.0,0.0,0.00013095297723957343,0.0,5.05555545893932e-05,0.0,1.3010742664337158,2.592979026128095e-05
darts_enc_fc_cyc_month_sin_futcov_lag2,0.0,0.0,0.0,0.0,5.606389999389648,0.0,0.0,0.0,0.0,0.0,0.0,0.00016408438222221823,0.0,0.0,0.8009128570556641,2.344062603174546e-05
ewm_ewma14_acled_other_ua_armed_clash_pastcov_lag-14,0.0,0.0,0.0,2.4060099124908447,0.0,0.0,0.0,0.0,0.0,0.0,0.0001579316396999042,0.0,0.0,0.0,0.3437157017844064,2.2561662814272028e-05
ewm_ewma14_acled_other_ua_armed_clash_pastcov_lag-7,0.0,0.0,0.0,0.0,2.4626901149749756,0.0,0.0,0.0,0.0,0.0,0.0,0.00010976153179036441,0.0,0.0,0.3518128735678537,1.5680218827194916e-05
ewm_ewma14_acled_other_rus_disrupted_weapons_use_pastcov_lag-14,0.0,0.0,2.4716598987579346,0.0,0.0,0.0,0.0,0.0,0.0,6.882745352623231e-05,0.0,0.0,0.0,0.0,0.3530942712511335,9.83249336089033e-06
darts_enc_fc_cyc_month_sin_futcov_lag0,0.0,0.0,0.0,0.0,0.0,3.6847898960113525,0.0,0.0,0.0,0.0,0.0,0.0,6.193069592523859e-05,0.0,0.5263985565730503,8.847242275034084e-06
darts_enc_fc_cyc_week_cos_futcov_lag6,0.0,0.0,2.337019920349121,0.0,0.0,0.0,0.0,0.0,0.0,6.436494663719649e-06,0.0,0.0,0.0,0.0,0.333859988621303,9.194992376742356e-07
rolling_rmean28_28_dist_x_clash_pastcov_lag-1,0.0,0.0,0.0,0.0,0.0,0.0,0.0,0.0,0.0,0.0,0.0,0.0,0.0,0.0,0.0,0.0
ewm_ewma14_acled_other_rus_disrupted_weapons_use_pastcov_lag-1,0.0,0.0,0.0,0.0,0.0,0.0,0.0,0.0,0.0,0.0,0.0,0.0,0.0,0.0,0.0,0.0
darts_enc_fc_cyc_dayofweek_cos_futcov_lag6,0.0,0.0,0.0,0.0,0.0,0.0,0.0,0.0,0.0,0.0,0.0,0.0,0.0,0.0,0.0,0.0
darts_enc_fc_cyc_dayofweek_cos_futcov_lag5,0.0,0.0,0.0,0.0,0.0,0.0,0.0,0.0,0.0,0.0,0.0,0.0,0.0,0.0,0.0,0.0
act_drone_strike_on_ua_target_lag-6,0.0,0.0,0.0,0.0,0.0,0.0,0.0,0.0,0.0,0.0,0.0,0.0,0.0,0.0,0.0,0.0
act_drone_strike_on_ua_target_lag-5,0.0,0.0,0.0,0.0,0.0,0.0,0.0,0.0,0.0,0.0,0.0,0.0,0.0,0.0,0.0,0.0
act_drone_strike_on_ua_target_lag-4,0.0,0.0,0.0,0.0,0.0,0.0,0.0,0.0,0.0,0.0,0.0,0.0,0.0,0.0,0.0,0.0
act_drone_strike_on_ua_target_lag-7,0.0,0.0,0.0,0.0,0.0,0.0,0.0,0.0,0.0,0.0,0.0,0.0,0.0,0.0,0.0,0.0
act_drone_strike_on_ua_target_lag-3,0.0,0.0,0.0,0.0,0.0,0.0,0.0,0.0,0.0,0.0,0.0,0.0,0.0,0.0,0.0,0.0
act_drone_strike_on_ua_target_lag-2,0.0,0.0,0.0,0.0,0.0,0.0,0.0,0.0,0.0,0.0,0.0,0.0,0.0,0.0,0.0,0.0
darts_enc_fc_cyc_dayofweek_sin_futcov_lag5,0.0,0.0,0.0,0.0,0.0,0.0,0.0,0.0,0.0,0.0,0.0,0.0,0.0,0.0,0.0,0.0
rolling_rmean28_28_dist_x_clash_pastcov_lag-7,0.0,0.0,0.0,0.0,0.0,0.0,0.0,0.0,0.0,0.0,0.0,0.0,0.0,0.0,0.0,0.0
rolling_rmean28_28_dist_x_clash_pastcov_lag-14,0.0,0.0,0.0,0.0,0.0,0.0,0.0,0.0,0.0,0.0,0.0,0.0,0.0,0.0,0.0,0.0
ewm_ewma14_acled_other_rus_disrupted_weapons_use_pastcov_lag-7,0.0,0.0,0.0,0.0,0.0,0.0,0.0,0.0,0.0,0.0,0.0,0.0,0.0,0.0,0.0,0.0
Activity_Level_statcov_target_act_drone_strike_on_ua,0.0,0.0,0.0,0.0,0.0,0.0,0.0,0.0,0.0,0.0,0.0,0.0,0.0,0.0,0.0,0.0
