Feature,h1_importance,h2_importance,h3_importance,h4_importance,h5_importance,h6_importance,h7_importance,mean_importance
region_statcov_target_act_drone_strike_on_ua,17.18577415402299,17.078646941275455,16.234719679716022,16.126086907287206,16.508280299438486,16.439805419858132,16.59303057590193,16.595191996785747
act_drone_strike_on_ua_target_lag-2,0.9721984163440154,3.234007279224562,0.616329351980601,1.3787799793210571,0.8012492895302303,2.6540061178182466,2.260864819476854,1.702490750527938
act_drone_strike_on_ua_target_lag-1,1.7009152163420347,0.9606893706755802,3.294524519760392,0.7159581158074284,1.37349797792066,0.9523569062137296,2.686406262177974,1.669192624128257
act_drone_strike_on_ua_target_lag-7,2.395249257184311,2.3803346098767233,0.8653342764351147,1.4679750600013906,2.163678108904505,1.2623105430916681,0.8424665988771756,1.6253354934815554
act_drone_strike_on_ua_target_lag-5,0.9121387707587839,0.9347280801625542,3.029416566494246,2.4137744816105084,0.6621278831347155,1.186386551623367,2.056284823820024,1.599265308229171
act_drone_strike_on_ua_target_lag-3,3.1988389095916476,0.561784138012058,0.8182643907511524,0.9555480117625974,2.3583874990735207,2.3322503264471566,0.9064436145391024,1.5902166985967479
act_drone_strike_on_ua_target_lag-4,0.758337073072129,0.8232060461675982,0.8643123545557964,2.7298005852950427,2.435522042525631,1.1811071302733127,1.2452353139870924,1.4339315065538005
act_drone_strike_on_ua_target_lag-6,0.9309462469594382,2.2132031683943576,2.293366435196592,1.0912440522051488,0.9874496059680501,1.7480842096297466,0.7246261565538381,1.4269885535581674
ewm_ewma14_act_drone_infra_ua_residential_intent_pastcov_lag-7,0.9489859374872267,1.0368781211751767,0.7364393276808958,1.083826351946544,1.7829304680192941,1.5147917159911255,0.9556114902265024,1.1513519160752523
ewm_ewma14_act_drone_infra_ua_residential_intent_pastcov_lag-14,0.9809687236854583,1.2477615411684897,0.7247544648318338,0.8568355491558428,0.7422620502731837,0.9854371591999039,0.9479290455408674,0.9265640762650829
ewm_ewma14_act_drone_infra_ua_residential_intent_pastcov_lag-1,0.8884095704859704,0.7961202800423953,1.0947064633910093,0.7795080537945823,0.7674539983265258,0.6743165687669214,1.0870402966857942,0.8696507473561713
rolling_rmean28_28_act_total_daily_strike_events_pastcov_lag-7,1.0094126916301462,1.2334612705304193,0.8361446971639654,0.8366570477292132,1.0174958737896889,0.6116908249295531,0.475259134098229,0.8600173628387451
rolling_rmean28_28_dist_to_nearest_contested_km_pastcov_lag-7,0.5501706040984858,0.9677816083268561,0.752503261426378,0.7989347975076421,0.7720494360220731,0.6167512061455046,0.8049920473971379,0.7518832801320111
rolling_rmean28_28_act_total_daily_strike_events_pastcov_lag-14,0.8723273553230734,0.6909123102665491,0.8029624752006066,0.6476281477153006,0.63833653578666,0.9564803073074125,0.6471976641395117,0.7508349708198734
Activity_Level_statcov_target_act_drone_strike_on_ua,0.6385607984980365,0.44993758806539785,0.4240144997464972,0.7372119988509666,0.6873566684419904,0.8351246289242358,0.8759803133873716,0.6640266422734994
ewm_ewma14_act_total_daily_strike_events_pastcov_lag-7,0.9971772921438161,0.6703908872598308,0.40752622584587483,0.38993734956002707,1.0876400354424618,0.46085409118575604,0.5019324641601522,0.6450654779425598
ewm_ewma14_acled_other_ua_disrupted_weapons_use_pastcov_lag-1,1.2831122694725512,0.753753111009514,0.4705316102404668,0.5115488157214374,0.36080790159805726,0.3272980262803832,0.5512053547624033,0.6083224412978304
rolling_rmean28_28_act_total_daily_strike_events_pastcov_lag-1,0.6576768145888405,0.2004598081679056,0.2488005081337334,0.8159495420111451,0.6254688643855605,1.124284982675841,0.48834497024855555,0.5944264986016545
rolling_rmean28_28_dist_to_nearest_ru_km_pastcov_lag-14,0.807671185534266,0.5609740696154132,0.41498671775154106,0.6154412146806937,0.5820832220357995,0.6382310144872725,0.44460626703529127,0.5805705273057539
ewm_expdecay7_dist_to_nearest_contested_km_pastcov_lag-14,0.3351632865421573,0.46775167862430117,0.36392283395602953,0.17986312111876715,0.5346780260672146,0.8730633997741246,1.2238704581355562,0.568330400602593
rolling_rsum14_14_dist_to_nearest_contested_km_pastcov_lag-14,0.3146231122515003,0.3238659085217086,0.4810745093873862,0.5561201734829385,0.7117954859882976,0.7539139795990846,0.7402674279917809,0.5545229424603851
env_weather_wind_gusts_10m_mean_futcov_lag6,0.25797637716133753,0.6574365247942042,0.5971393277922684,0.40741151528072134,0.574070195411859,0.5249206553092646,0.8117651605199993,0.5472456794670935
rolling_rsum14_14_dist_to_nearest_contested_km_pastcov_lag-7,0.46396538737449705,0.9395219606568027,0.45322796131616605,0.8495783611755099,0.581335419882906,0.23081990837001168,0.292267867906273,0.544388123811738
env_weather_wind_gusts_10m_mean_futcov_lag-1,0.3007883573219871,0.15183064331048024,0.6225021216256991,0.6378538305728282,0.38386190505643036,0.695809732283954,0.9726276111009305,0.5378963144674728
rolling_rsum7_7_dist_to_nearest_ru_km_pastcov_lag-7,0.5796872955983379,0.4359386068210459,0.6324717026101643,0.6444033937943456,0.42443368285964395,0.4436732631837993,0.4332669652830546,0.5134107014500559
ewm_expdecay7_acled_other_ua_disrupted_weapons_use_pastcov_lag-7,0.2901625501585891,0.7137352341724006,0.3492494323535867,0.30454026575422566,0.5490953338264173,0.9115969047742267,0.4737439392415576,0.5131605228972862
env_weather_wind_direction_10m_dominant_futcov_lag6,0.3695536654048938,0.4742701548428757,0.6366419600890931,0.3234192716123028,0.6402430787590672,0.5771500721538252,0.5243897895773294,0.5065239989199125
env_weather_wind_direction_10m_dominant_futcov_lag4,0.5243720120896374,0.5415215683142182,0.31565984187364404,0.5510325287360085,0.5985882991449217,0.3362550337302864,0.6288965909142458,0.49947512497185176
ewm_expdecay7_acled_other_rus_shelling_artillery_missile_attack_pastcov_lag-7,0.5365791957394058,0.3579122571619071,0.2553002307369481,0.663819643410499,0.42620453794832924,0.5927046630530828,0.6606246345130972,0.49902073750903847
ewm_ewma14_act_total_daily_strike_events_pastcov_lag-14,0.49396377182156376,0.5794503474356227,0.44981672718011256,0.25671896814306455,0.5056167886790266,0.5551714561666031,0.6434162504352672,0.4977363299801801
env_weather_wind_speed_10m_max_futcov_lag2,0.39097257491639925,0.8865090139276507,0.4311358981625022,0.31017256509846286,0.4495704685975533,0.15259240853947129,0.8624395521370236,0.49762749733986616
env_weather_wind_gusts_10m_mean_futcov_lag5,0.7544893117291708,0.6250441735741477,0.4509803853681729,0.23327097822236248,0.31839230899782994,0.9342843788840012,0.16063846021150288,0.49672857099816964
env_weather_wind_gusts_10m_mean_futcov_lag0,0.92893322595038,0.24479718852089297,0.4128527421982322,0.372074428088141,0.44540708376397786,0.3302673603415244,0.7345581987291672,0.4955557467989022
env_weather_wind_direction_10m_dominant_futcov_lag1,0.6721406123853376,0.743283312819735,0.3782417277421863,0.332110754600143,0.38025472702689816,0.3747898289532143,0.5621750182672031,0.4918565688278168
env_weather_wind_gusts_10m_mean_futcov_lag2,0.5988028131827786,0.3424351267503821,0.9551717962381271,0.38872049319828667,0.28391804682272764,0.16562282684628102,0.6602734433079526,0.48499207804950517
env_weather_wind_speed_10m_max_futcov_lag0,0.46493553685353833,0.2981906623636021,0.3587818140525449,0.2285847618271992,0.9045543751645357,0.4179356278797858,0.698518284210177,0.4816430089073405
env_weather_wind_direction_10m_dominant_futcov_lag2,0.4266858183214686,0.5718550901501975,0.5108242466808958,0.4357843753409643,0.5725427092430884,0.4131869183507295,0.42752365214955673,0.479771830033843
ewm_expdecay7_acled_other_ua_disrupted_weapons_use_pastcov_lag-14,0.40618801586264586,0.4414785722165327,0.29950825655755564,0.4459887820768812,0.45475286947699234,0.5688381843120632,0.7243283772164749,0.4772975796741637
ewm_expdecay7_dist_to_nearest_ru_km_pastcov_lag-14,0.6896219884448467,0.40538524283588795,0.5214033547777647,0.4696453111761892,0.37762776716529456,0.380290348266294,0.49490651043464956,0.4769829318715609
ewm_expdecay7_com_escalationsignal_redsecondary_ua_pastcov_lag-1,0.3069075362523,0.2862737922211331,0.8670486336987798,1.015627068094942,0.4532271551749236,0.13922937481150904,0.23612249181309974,0.47206229315238396
env_weather_wind_direction_10m_dominant_futcov_lag-1,0.631584949354785,0.7170863632108699,0.34533572650641753,0.4534586523762836,0.39218830635460733,0.5276793992937678,0.22619895200643259,0.470504621300452
env_weather_wind_gusts_10m_mean_futcov_lag4,0.7635841806112269,0.4217089336979057,0.5329059924037458,0.2901210867508455,0.8136507430669541,0.27899512986122005,0.16681132675978222,0.46682534187881153
ewm_ewma14_acled_other_rus_armed_clash_pastcov_lag-7,0.7580504636113123,0.3751401160042126,0.5769806974478543,0.637178032735052,0.22572436442616065,0.37060284971741136,0.32403370128359127,0.46681574646079926
ewm_ewma14_acled_other_ua_disrupted_weapons_use_pastcov_lag-14,0.5307822768628816,0.4443515158985513,0.5617585336090944,0.362978048989177,0.3615562799854862,0.4919455949101436,0.5104547260909288,0.46626099662089476
env_weather_wind_direction_10m_dominant_futcov_lag3,0.42743514001967,0.4392991117417882,0.7108702776668755,0.5847882375956174,0.2953457881217488,0.4706306905591516,0.3310991964467206,0.465638348878796
env_weather_wind_direction_10m_dominant_futcov_lag5,0.4105154330676678,0.5222084843706757,0.3890027908106576,0.4679414631858984,0.5945462826491864,0.5707043162275034,0.2568784797222735,0.4588281785762661
ewm_expdecay7_act_total_daily_strike_events_pastcov_lag-14,0.38376673420688406,0.24170918997196214,0.3061148265747181,0.3719978337946463,0.4299686402522963,0.6233150756604778,0.8442020073422152,0.45729632968617145
ewm_expdecay7_acled_other_ua_disrupted_weapons_use_pastcov_lag-1,0.6778934926433499,0.28708625003795596,0.663788555126048,0.528436639778886,0.5414558845968656,0.21659124160635831,0.27720854370855774,0.4560658010711459
ewm_ewma14_acled_other_rus_armed_clash_pastcov_lag-1,0.47208091387359186,0.4109165350860193,0.607577057326045,0.4863187703406509,0.5116755282489809,0.357496939216224,0.33845545264163895,0.4549315995333073
env_weather_wind_direction_10m_dominant_futcov_lag0,0.5237022752444432,0.32779474244715573,0.48441515080908887,0.47392165453480223,0.35528884401775307,0.6473333949199684,0.35225329528788374,0.45210133675158504
ewm_ewma14_acled_other_ua_disrupted_weapons_use_pastcov_lag-7,0.3096342265677273,0.2826104916770924,0.9485637415313972,0.588635874401906,0.38471726577761955,0.3123876615313233,0.33671440201930636,0.45189480907233887
env_weather_wind_speed_10m_mean_futcov_lag-2,0.28049731626753016,0.3542711701731329,0.12226865597178431,0.23882326877373763,0.5709407328915156,1.0202871861984097,0.5590675537763382,0.4494508405789212
com_escalationsignal_bluesecondary_rus_pastcov_lag-14,0.552795050369234,1.0897221345391024,0.32536190968431594,0.08332939150454426,0.2230640064686636,0.5579316486452197,0.2716894973243788,0.44341337693363697
ewm_ewma14_act_drone_infra_ua_health_intent_pastcov_lag-1,0.5470450229437843,0.40068977184366034,0.5078854432237515,0.6522958583909575,0.464042447800673,0.2525107523713472,0.2559676304304254,0.44006241814351416
ewm_expdecay7_com_escalationsignal_redsecondary_ua_pastcov_lag-7,0.3067504562205614,0.3327724010441337,0.1403923333177767,0.1803568458419546,0.19971210372413334,0.5716828615260492,1.3467303322715107,0.4397710477065885
env_weather_wind_speed_10m_mean_futcov_lag5,0.48549215704969584,0.3946937909808762,0.3697648899379564,0.5351523398719705,0.4010040913396678,0.7150320088134373,0.15733158358451213,0.4369244087968737
env_weather_wind_speed_10m_max_futcov_lag1,0.8653287988501269,0.30323500235413,0.23924847093132334,0.31381685941142995,0.39870566579450223,0.6225311252217847,0.31222013978770796,0.4364408660501436
ewm_ewma14_acled_other_rus_disrupted_weapons_use_pastcov_lag-1,0.18531218229811175,0.4824195912987613,0.49497532059851446,0.5552606337029584,0.3811496847476332,0.4561312875110054,0.495461886478956,0.4358157980908487
env_weather_wind_gusts_10m_mean_futcov_lag-2,0.3080490198926868,0.3718839212641131,0.7250408999398039,0.43297374795956894,0.3880032404206861,0.5763233084102845,0.23895484241689652,0.43446128290057706
ewm_expdecay7_act_total_daily_strike_events_pastcov_lag-1,0.21383311863353813,0.3902395933963212,0.815853105690769,0.30221120582165806,0.18465189596565829,0.9728869283749629,0.15154832778455204,0.4330320250953514
env_weather_wind_direction_10m_dominant_futcov_lag-2,0.6280620564278676,0.26849768277595193,0.44394815335536986,0.43738788914909615,0.39484531206218343,0.3291216355856405,0.45762682842664826,0.4227842225403939
env_weather_wind_speed_10m_max_futcov_lag-1,0.1950349628879469,0.28943254344424646,0.4340198548120503,0.5475297641021178,0.4335017401866107,0.6531624945112349,0.39770972816064537,0.4214844411578361
ewm_expdecay7_com_diplo_redsecondary_ua_pastcov_lag-14,0.6050255623411375,0.7937603544043357,0.26258571837084754,0.7668813394333064,0.12578263253477753,0.26523312061426346,0.11432046983186316,0.4190841710757901
ewm_ewma14_act_drone_infra_ua_health_intent_pastcov_lag-7,0.5563094927113342,0.2417513915074445,0.2585375990566316,0.42143800386250774,0.4909988027013582,0.2084764787457053,0.7304013949732117,0.41541616622259897
env_weather_wind_speed_10m_max_futcov_lag5,0.25353564843467163,0.21100706383612064,0.5078011314705685,0.4688999879649259,0.6243625452834837,0.4824290955460657,0.3412347133727816,0.4127528837012311
ewm_expdecay7_acled_other_rus_shelling_artillery_missile_attack_pastcov_lag-1,0.31193796392561407,0.5183425662584495,0.26057750052939477,0.5274874113862251,0.6885621393525977,0.19934802533570412,0.36118235543942845,0.4096339946039163
env_weather_wind_speed_10m_max_futcov_lag-2,0.14564892118778816,0.39614274962113744,0.5231422562510337,0.42475806727055404,0.4810153163789828,0.40492489439216744,0.48295217556481035,0.4083691972380677
env_weather_wind_speed_10m_max_futcov_lag6,0.37518909891485414,0.21534377427234722,0.33265334984244643,0.48061108217340387,0.6099547193059708,0.5624023918423441,0.27906469385234556,0.40788844431481597
rolling_rsum7_7_dist_to_nearest_contested_km_pastcov_lag-1,0.2975957566553096,0.36614270314641967,0.570970976321634,0.46768449656819805,0.5411659622267293,0.2853871732210429,0.3000628699793032,0.404144276874091
ewm_expdecay7_act_cyber_other_nato_pastcov_lag-7,0.2897867978364174,0.40263185279610914,0.6854774340764641,0.4529505327086583,0.3068881479875733,0.3374524610648473,0.3455904007582454,0.4029682324611878
env_weather_wind_speed_10m_max_futcov_lag4,0.23850084662857343,0.3927821440123813,0.3824465543072093,0.8848863945570529,0.3738396576891131,0.2376311369132952,0.3015237998007371,0.40165864770119464
ewm_ewma14_act_total_daily_strike_events_pastcov_lag-1,0.2039655578069097,0.2791482348535116,0.24463215965407817,0.43765459056449657,0.2312305971031084,0.41781652687933185,0.9873191339893372,0.40025240012153906
env_weather_wind_gusts_10m_mean_futcov_lag1,0.26301515854858976,1.0133490601083595,0.262750607285444,0.16959043465704726,0.3256701144528136,0.5313902594062049,0.23148575949421316,0.39960734199323883
ewm_expdecay7_act_cyber_other_nato_pastcov_lag-1,0.3693729412803742,0.2992754846503148,0.3331343556883324,0.6790417540863041,0.323255474997595,0.1533574098105954,0.6253015911322632,0.3975341445208255
ewm_ewma14_acled_other_rus_disrupted_weapons_use_pastcov_lag-7,0.12860234525198816,0.5154495894520504,0.38636163959722614,0.23665113530624352,0.6570972696291137,0.44681622792035647,0.40619056219531124,0.39673839562175567
ewm_ewma14_act_drone_infra_ua_health_intent_pastcov_lag-14,0.28366580474318437,0.28723054208196,0.5110040800285199,0.34892674816539393,0.2573816857328817,0.4971490404179065,0.582229075504026,0.3953695680962675
env_weather_wind_gusts_10m_mean_futcov_lag3,0.32074971256363066,0.30963414324877053,0.3495366293550107,0.9538835355894019,0.21685081738073095,0.24740241321233528,0.3366088976874393,0.390666592719617
ewm_expdecay7_act_total_damage_events_pastcov_lag-7,0.6278021888721316,0.08408255595654295,0.25857311965052737,0.42194855197388065,0.28624924907302524,0.1763959369038834,0.8757533959597035,0.39011499976995634
env_weather_wind_speed_10m_max_futcov_lag3,0.5164647394485451,0.4674783493393678,0.8794097884800243,0.3311351227039891,0.29510136753395205,0.1305217348753596,0.09797477581773396,0.3882979825998531
env_weather_wind_speed_10m_mean_futcov_lag-1,0.30593930067658676,0.26709362395812125,0.3735270495962865,0.1663073028282867,0.1972361944472139,0.8151623055089209,0.5392285563960835,0.3806420476302142
ewm_expdecay7_dist_to_nearest_contested_km_pastcov_lag-7,0.41717256449834733,0.09694444772244246,0.28228892503102787,0.20799754811735222,0.6923062472318725,0.43235773182129617,0.521659874863484,0.3786753341836889
rolling_rsum14_14_dist_to_nearest_contested_km_pastcov_lag-1,0.6367037752217672,0.2490440732756333,0.2826169648362063,0.4659478480982467,0.3163522625141377,0.37692531660540857,0.25825220462345894,0.3694060635964084
env_weather_wind_speed_10m_mean_futcov_lag6,0.4068596422666309,0.405189202749861,0.19498045792687502,0.3925661070959698,0.3852640116307142,0.30695627629638916,0.49309998012376643,0.369273668298601
ewm_ewma14_acled_other_rus_shelling_artillery_missile_attack_pastcov_lag-1,0.25048560896548594,0.2142720403200168,0.4310659992704134,0.5876468789112914,0.4252468827044797,0.36081108133820183,0.27098536473774876,0.3629305508925197
ewm_ewma14_acled_other_rus_armed_clash_pastcov_lag-14,0.3135749959023691,0.2092066222344437,0.25997790458166303,0.4566839852854591,0.5488983964003408,0.28056971396295716,0.46693025252734616,0.36226312441351133
env_weather_wind_speed_10m_mean_futcov_lag4,0.42475253014875664,0.26664055996126784,0.34689127144564286,0.3660539306522172,0.626397039482023,0.34412432379523283,0.1601532078102982,0.3621446947564912
env_weather_wind_speed_10m_mean_futcov_lag1,0.32279348945427283,0.6488095064671617,0.2332702428093559,0.24728332620972593,0.5529051654526199,0.3271467813794476,0.17647883298868447,0.35838390639446693
ewm_expdecay7_act_total_daily_strike_events_pastcov_lag-7,0.10750467766364248,0.27921378685570103,0.5547795701840302,0.3271792871715009,0.11630766171882816,0.7972575752195223,0.3255510370381379,0.3582562279787661
env_weather_wind_speed_10m_mean_futcov_lag0,0.4738299986549927,0.21254619720310253,0.2916317523539271,0.44845089490396484,0.3069506614123555,0.22357886904377164,0.5196760220716393,0.35380919937767913
rolling_rmean28_28_dist_to_nearest_ru_km_pastcov_lag-1,0.5023344298217312,0.4502169484687069,0.37941304050749824,0.32851026525584176,0.18327950992148118,0.5037534907488215,0.12169813884213355,0.35274368908088777
rolling_rsum7_7_dist_to_nearest_ru_km_pastcov_lag-14,0.41392308582872606,0.27712430576040237,0.36606985562459055,0.3312830540007148,0.33711082783982593,0.42301356924872385,0.3188725158485084,0.352485316307356
env_weather_wind_speed_10m_mean_futcov_lag3,0.2900031068534989,0.3914798550195226,0.35048699161578883,0.7208530496662431,0.15526807243140656,0.12889923542783982,0.36447110815212114,0.3430659170237744
ewm_expdecay7_act_total_damage_events_pastcov_lag-14,0.5585638965595124,0.25241147722223534,0.43149400431949697,0.14130011974837484,0.5227650678553238,0.3917997498353509,0.09189532527162393,0.34146137725884546
env_weather_wind_speed_10m_mean_futcov_lag2,0.4592128472237002,0.2546814147967991,0.7686955027864991,0.1901353061821342,0.3060134451224328,0.23170836305151926,0.17575971816207936,0.3408866567607377
ewm_expdecay7_com_escalationsignal_redsecondary_ua_pastcov_lag-14,0.2562403218038766,0.38901533116243026,0.5451464390540499,0.33383378356264537,0.16830598748313008,0.3292159716454644,0.3324163012909977,0.3363105908575135
ewm_expdecay7_com_diplo_redsecondary_ua_pastcov_lag-1,0.2958688470891793,0.44465057383907025,0.24291486018003505,0.18180978998056294,0.31028068000537923,0.4413022908519219,0.39688558388888073,0.3305303751192899
env_weather_rain_sum_futcov_lag-2,0.14252978852559803,0.14817405668102165,0.2034182032544991,0.36078653238074987,0.7925141284351339,0.2645120516688074,0.39355604571917363,0.32935582952356907
rolling_rmean28_28_act_drone_strike_on_rus_in_rus_nofpv_pastcov_lag-7,0.11768032690299646,0.01070926092347895,0.3996665343188083,0.46210115297017285,0.3077913927160824,0.48455278437669413,0.5073708540740047,0.3271246151831768
com_escalationsignal_bluesecondary_rus_pastcov_lag-1,0.26678551788239724,0.2805191992232541,0.2496164608974296,0.13904512557163515,0.7516754904044185,0.21311498535550705,0.2967637339447443,0.31393150189705515
ewm_expdecay7_com_diplo_redsecondary_ua_pastcov_lag-7,0.21989301433399994,0.31554603893309796,0.45769274620737305,0.27121368779565536,0.4419323844155094,0.2722229170919385,0.21807168124607454,0.31379606714623554
ewm_expdecay7_dist_to_nearest_ru_km_pastcov_lag-1,0.4241304336254402,0.42743960022006844,0.42262806940605124,0.5797475694135372,0.1324892967493973,0.03960802608926131,0.170330184567829,0.3137675971530835
env_weather_rain_sum_futcov_lag0,0.1969491244495636,0.14515265012354892,0.10027287912836855,0.1303221440277404,0.23157255579188954,0.319556897727665,0.9942065086632795,0.3025761085588651
com_escalationsignal_bluesecondary_rus_pastcov_lag-7,0.15493609408587836,0.24677303962801053,0.31283176931050927,0.477918327020505,0.26529077400087087,0.3106637113411068,0.3455409582205149,0.30199352480105646
rolling_rmean28_28_act_drone_strike_on_rus_in_rus_nofpv_pastcov_lag-1,0.19416613260452567,0.6254862842025374,0.5077306138601729,0.23982679308362478,0.28912317361665957,0.009694909786354202,0.23709456557300654,0.3004460675324116
rolling_rsum14_14_acled_other_rus_shelling_artillery_missile_attack_pastcov_lag-7,0.20977382447181003,0.33668246013882175,0.4305507610643985,0.3548081938804196,0.13145198092627747,0.22332946152341046,0.3908680799846853,0.29678068028426047
ewm_ewma14_acled_other_ua_armed_clash_pastcov_lag-7,0.3742439112637344,0.2329591340033733,0.48003133827795647,0.24486666827826806,0.27812586153027125,0.21742241452284733,0.2229014260398006,0.2929358219880359
ewm_expdecay7_acled_other_rus_shelling_artillery_missile_attack_pastcov_lag-14,0.35161872613017525,0.23520029035426385,0.2652234173432536,0.3540525246646387,0.2894978445541844,0.32334910941750683,0.22383389082492805,0.2918251147555644
acled_other_rus_shelling_artillery_missile_attack_pastcov_lag-7,0.2788727044527408,0.2113461125211762,0.248245443811676,0.2778503975333915,0.36027081082372336,0.3709604780823985,0.22448887771488302,0.2817192607057128
rolling_rsum7_7_com_diplo_bluesecondary_rus_pastcov_lag-7,0.19631754633064535,0.2922189110411371,0.2745960573698437,0.3537804123029479,0.45743745118470874,0.2397791263364976,0.15721760727888556,0.2816210159778095
rolling_rmean28_28_com_escalationsignal_rus_ua_pastcov_lag-1,0.2918747310903774,0.1434555929811542,0.26617228719787595,0.3615409215264995,0.4560758601323543,0.14925506277399891,0.29891881694077277,0.28104189609186186
ewm_expdecay7_act_total_damage_events_pastcov_lag-1,0.33128366771946666,0.21957917567491442,0.2709776570054905,0.11715497169954839,0.46325709018153116,0.33719642855811977,0.20302562624576576,0.27749637386926235
rolling_rsum7_7_dist_to_nearest_contested_km_pastcov_lag-14,0.23475819559576921,0.33874422131671317,0.07907314314111275,0.2413057908909435,0.28911016073483564,0.244483538625759,0.49339409606537393,0.2744098780529296
rolling_rmean28_28_dist_to_nearest_contested_km_pastcov_lag-1,0.20070939471694316,0.25666342377271034,0.1653384334811749,0.338264819584418,0.3852762088915305,0.2708493220710189,0.3029952544860101,0.2742995510005437
env_weather_temperature_2m_min_futcov_lag6,0.41122400300172185,0.180027757808763,0.46321235878687306,0.25613846866730033,0.19895482075633145,0.2424065692715487,0.1295724394535299,0.26879091682086687
rolling_rsum14_14_acled_other_rus_shelling_artillery_missile_attack_pastcov_lag-14,0.2534945068234182,0.3129077144284395,0.27082854779549725,0.3962567419803096,0.3660759953063742,0.11612154177235885,0.15957688559880512,0.2678945619578861
env_weather_cloud_cover_min_futcov_lag-2,0.2910106611234123,0.4073470651589867,0.6351564574499268,0.13468027893498935,0.1463134250896053,0.15056320575402274,0.09338996607913524,0.26549443708429693
env_weather_rain_sum_futcov_lag-1,0.2219044457406075,0.07360951521198887,0.09556667924689825,0.10540038045516813,0.28521695648324547,0.8870576448499484,0.18748548811315438,0.2651773014430016
rolling_rmean28_28_com_escalationsignal_rus_ua_pastcov_lag-7,0.2131057138530529,0.2970417985928356,0.23702806640625712,0.2956920110170218,0.48402864383512934,0.2949084257884486,0.019248921747489805,0.26300765446289076
rolling_rsum7_7_dist_to_nearest_contested_km_pastcov_lag-7,0.26372042500144516,0.34961093544386607,0.190039515921851,0.1645247365421151,0.3530324468476817,0.28850987344631734,0.20624956611239928,0.259383928473668
ewm_ewma14_acled_other_rus_disrupted_weapons_use_pastcov_lag-14,0.1724664904679882,0.12364672981436213,0.4739386634508279,0.47634594564216465,0.10111976488834595,0.267027141678925,0.19492001941184098,0.2584949650506364
rolling_rmean28_28_dist_to_nearest_contested_km_pastcov_lag-14,0.3566600253066727,0.23942672479459848,0.18449980973753635,0.1597734756002298,0.1798944373120389,0.05260895799787018,0.628425934036862,0.2573270521122583
rolling_rsum14_14_acled_other_rus_shelling_artillery_missile_attack_pastcov_lag-1,0.21640492660445673,0.26913642283688133,0.22586613432074878,0.3903765473455408,0.23469708760502503,0.21341408216742658,0.19980398442430772,0.24995702647205528
rolling_rmean28_28_com_diplo_rus_ua_pastcov_lag-7,0.3754507717070434,0.3134284010622324,0.3082930998762545,0.2072946946813704,0.22523730946440343,0.12191519469132477,0.19707707579114575,0.24981379246768212
env_weather_rain_sum_futcov_lag1,0.08694481264522076,0.324211548555789,0.264526575001158,0.3214135944207544,0.31786542246073907,0.2134484794457307,0.21841876526159815,0.2495470282558557
acled_other_rus_shelling_artillery_missile_attack_pastcov_lag-1,0.25072211918457366,0.2855253189166032,0.2562087142413143,0.1454148054712005,0.20095692459701048,0.32494101248397306,0.2769126032976213,0.24866878545604235
ewm_expdecay7_act_cyber_other_nato_pastcov_lag-14,0.1340254692286185,0.1630515194749847,0.6501610013665887,0.20040282229693882,0.19599444905815622,0.22974778568984525,0.15868759228124188,0.2474386627709106
ewm_expdecay7_fin_ch_export_kazakhstan_pastcov_lag-14,0.16938953459336822,0.2958513927142931,0.1380375196097984,0.30168737673529916,0.34024545466131806,0.3782415337407594,0.05460178805813157,0.239722085730424
rolling_rmean28_28_dist_to_nearest_ru_km_pastcov_lag-7,0.4386623770250259,0.19273857628051574,0.2765514622717709,0.25455676379464287,0.2035331969396337,0.21833032020285917,0.09051332847219264,0.23926943214094873
rolling_rmean28_28_com_restrictive_rus_ua_pastcov_lag-7,0.430477396830559,0.24819100770521385,0.2204408831714695,0.2101879158327564,0.18133787801175627,0.318209860525305,0.06093176164020383,0.23853952910246629
ewm_ewma14_com_ners_w8_pastcov_lag-7,0.18752510614869516,0.2763585236545584,0.21805206737204721,0.34172768925015223,0.17594258821292888,0.17952386357194774,0.28803949212796426,0.23816704719118484
rolling_rsum7_7_acled_other_rus_shelling_artillery_missile_attack_pastcov_lag-7,0.19445030383410838,0.1590001066552241,0.15064358865818187,0.3254531231874964,0.3158978783489891,0.13194237563008612,0.38771687397285565,0.23787203575527735
rolling_rmean28_28_com_restrictive_rus_ua_pastcov_lag-14,0.4058895886601471,0.2794584618931433,0.11721188741240092,0.16411168155813236,0.2570555358886306,0.29245306928883236,0.12163643063864678,0.23397380790570477
rolling_rmean28_28_com_restrictive_rus_ua_pastcov_lag-1,0.16892389323138332,0.18469506408853173,0.17112194786450138,0.3953611523078825,0.19636046505875704,0.08890140994161948,0.4088718054600149,0.23060510542181292
env_weather_temperature_2m_max_futcov_lag6,0.22488451729008913,0.2864906981138413,0.3656550545268961,0.34656809455856413,0.08334010456667017,0.09741750514076924,0.1961068098545497,0.22863754057876856
ewm_expdecay7_dist_to_nearest_ru_km_pastcov_lag-7,0.13696360108213682,0.4568660249382143,0.32458513365225294,0.1412167016851625,0.052561470685897387,0.323014248284681,0.143864646583377,0.22558168955881744
ewm_ewma14_acled_other_rus_shelling_artillery_missile_attack_pastcov_lag-7,0.16654011532250618,0.1061672699054028,0.24691008363747372,0.35157529429282713,0.059496169146801704,0.25019430563177664,0.3929036480860843,0.22482669800326752
rolling_rsum7_7_com_diplo_bluesecondary_rus_pastcov_lag-1,0.22908545162802055,0.253698592632596,0.18035492573839654,0.3132077667542568,0.15230409103455733,0.25012625799149485,0.193160903572515,0.22456256990740528
env_weather_cloud_cover_min_futcov_lag-1,0.09805007692672804,0.21174300063847973,0.3556930324824572,0.4072747226816064,0.2612991705078768,0.11713841319420269,0.1126932476780469,0.2234130948727711
rolling_rsum7_7_acled_other_rus_shelling_artillery_missile_attack_pastcov_lag-14,0.3894977240700406,0.35593449426675333,0.1700615420852412,0.21108201421424094,0.06193923904359416,0.1462387137747279,0.19989024742033118,0.21923485355356132
rolling_rmean28_28_act_drone_strike_on_rus_in_rus_nofpv_pastcov_lag-14,0.15197180993847,0.10337738294596996,0.2890717066762674,0.3055449393449653,0.21913424906328807,0.0978398082341329,0.36386911130922117,0.21868700107318784
env_weather_cloud_cover_min_futcov_lag1,0.1644353674850468,0.1304439394543033,0.15260014196400007,0.14966181874654444,0.3567250981710627,0.31152028435778084,0.23966110951234298,0.21500682281301156
ewm_expdecay7_acled_other_ua_armed_clash_pastcov_lag-14,0.1799668437777294,0.5335782810306886,0.10406119597660943,0.07225218247816337,0.13859853348711226,0.2506672075764943,0.21087245888561146,0.21285667188748697
env_weather_temperature_2m_min_futcov_lag5,0.3510628243029318,0.49230388145997095,0.16579250591797506,0.1481548934595628,0.15675643467701902,0.0930639355981185,0.08168612455482714,0.2126886571386293
ewm_ewma14_acled_other_ua_armed_clash_pastcov_lag-1,0.21633520776830517,0.3034427910792227,0.1322750767651341,0.11728082352870038,0.1584308287483926,0.28093355616463134,0.2672080647789464,0.2108437641190475
rolling_rsum7_7_dist_to_nearest_ru_km_pastcov_lag-1,0.07442693571191736,0.17197363999368936,0.38836471903278197,0.2594048053036359,0.21301073264452283,0.2834767593545624,0.06934357293441691,0.20857159499650382
env_weather_soil_moisture_0_to_100cm_mean_futcov_lag-1,0.2606653655399303,0.3053404774519542,0.1995322549330463,0.09155577682425321,0.30822944173265215,0.06277118993343932,0.21267410216379226,0.20582408693986684
ewm_ewma14_com_ners_w8_pastcov_lag-1,0.3815457812519676,0.1913169866895844,0.23467959768439128,0.25135167412170634,0.15878226579053653,0.09359386040506329,0.12033146075179267,0.20451451809929172
ewm_expdecay7_acled_other_ua_armed_clash_pastcov_lag-1,0.28833880612255247,0.13862379096678729,0.17403728092870746,0.12693586650192692,0.14525851273989662,0.49526677321800777,0.05310532961157544,0.20308090858420774
ewm_ewma14_acled_other_ua_armed_clash_pastcov_lag-14,0.3866379763511145,0.15434148267419437,0.09894941706452239,0.21052605409123307,0.17164081982180554,0.17530478856957898,0.22201567173988077,0.2027737443303328
env_weather_rain_sum_futcov_lag2,0.2686192890678838,0.049934439028235585,0.23895497792561723,0.25700276953675866,0.20671832369347823,0.13571929633683316,0.2567680490778418,0.2019595920952355
env_weather_rain_sum_futcov_lag5,0.14644628246228614,0.14870403393709236,0.11964170142591811,0.3561908853674103,0.16939628177832605,0.07545875387117831,0.3883098545055762,0.2005925419068268
rolling_rsum7_7_acled_other_rus_shelling_artillery_missile_attack_pastcov_lag-1,0.12243230209480314,0.189549081538882,0.21312775235245363,0.10237168150456057,0.17485838791650343,0.2665503789717318,0.29615750746293074,0.19500672740598077
rolling_rsum7_7_com_diplo_redsecondary_rus_pastcov_lag-1,0.10864844454382895,0.17862079628670688,0.17930007250088723,0.15920587648113804,0.333250817824919,0.25932526279470114,0.13653444406815374,0.19355510207147644
rolling_rmean28_28_acled_other_ua_armed_clash_pastcov_lag-14,0.08039345631745266,0.18855716716539223,0.1473238053966021,0.15233434327435008,0.19947188154864734,0.2719078916825784,0.27874605035868677,0.18839065653481565
env_weather_cloud_cover_min_futcov_lag0,0.3239479875969314,0.13348244493515626,0.07152279376063062,0.26330610570502316,0.2796072196058615,0.15025901706448236,0.08884996506038634,0.18728221910406737
env_weather_soil_moisture_0_to_100cm_mean_futcov_lag5,0.13909555916431368,0.22077392249235653,0.08352912052562227,0.2548901151562499,0.18329696961149608,0.21347382148889885,0.2156127264139891,0.1872388906932752
env_weather_temperature_2m_max_futcov_lag5,0.21239631005841839,0.2826371798400946,0.07367758283050094,0.10362889548969478,0.09576815231383765,0.41990881559317944,0.11588910923370871,0.1862722921942049
darts_enc_fc_cyc_day_sin_futcov_lag1,0.06843939424348583,0.2254766567877983,0.11430164990691825,0.21637023808851286,0.24203188866843553,0.1351279160459894,0.2895608958779727,0.18447266280273042
rolling_rsum7_7_com_diplo_bluesecondary_rus_pastcov_lag-14,0.13492988722018776,0.28645009713929914,0.18184700425644285,0.13542796747880984,0.13984418595100093,0.20435475090251914,0.180261254528495,0.1804450210681078
env_weather_temperature_2m_max_futcov_lag2,0.0908993834791903,0.1577730161300458,0.37491307763886456,0.29308279443755,0.06237751366485049,0.1333567816376777,0.1461088221931711,0.17978734131162138
env_weather_temperature_2m_min_futcov_lag-1,0.1310040923151458,0.28498898894413877,0.07038408381751834,0.23738562884736575,0.11005878864681928,0.29586587541328324,0.1279811096262135,0.17966693823006924
env_weather_temperature_2m_max_futcov_lag-2,0.2288538988843739,0.19615305722318424,0.1492595733212144,0.1591135458921541,0.20599320726210552,0.1581586021317172,0.139767127962226,0.17675700181099646
darts_enc_fc_cyc_day_sin_futcov_lag-1,0.0406641717560071,0.2364505351912851,0.10419021531459499,0.10890839719559632,0.3279471987612223,0.270216715256564,0.1479077752799052,0.17661214410788212
rolling_rmean28_28_fin_usd_uah_rate_pastcov_lag-1,0.237344745040294,0.21322158079976947,0.04472943960256785,0.3406207090269301,0.192137449827489,0.11842811770109248,0.08824867937106495,0.17639010305274397
ewm_ewma14_com_diplo_redsecondary_ua_pastcov_lag-7,0.09409661935982352,0.17388564394767056,0.2943992924285301,0.15534734896639826,0.24203196549167297,0.13341921353760172,0.12816590023348906,0.1744779977093123
rolling_rmean28_28_com_diplo_redsecondary_ua_pastcov_lag-14,0.05965839073545138,0.19148748048142836,0.10113821533485945,0.27618168069404164,0.11648104850421245,0.34693529683094654,0.12887964760745046,0.17439453716977008
rolling_rsum7_7_com_diplo_redsecondary_rus_pastcov_lag-14,0.09985676166744677,0.2603105744571149,0.16248029232529762,0.1686426417775861,0.08277491657512713,0.19831879253419654,0.2472143615731763,0.1742283344157065
ewm_ewma14_com_diplo_redsecondary_rus_pastcov_lag-14,0.11360773836663592,0.2668496154078664,0.1219696822237886,0.36448566656511955,0.16827549718703905,0.08309799774032069,0.09022480983091119,0.17264442961738308
rolling_rsum14_14_com_diplo_bluesecondary_rus_pastcov_lag-7,0.3541021613730854,0.18319005246389983,0.17821605906490331,0.17806968131703915,0.07749651772111141,0.08177056318287253,0.14528603842286347,0.17116158193511075
rolling_rmean28_28_com_diplo_rus_ua_pastcov_lag-1,0.0679519593433395,0.27082517503492315,0.0894558633304773,0.18166296911005472,0.08619260087264854,0.25006815278788547,0.25039419525171436,0.1709358451044347
darts_enc_fc_cyc_day_cos_futcov_lag3,0.2067635068835465,0.3693617426162994,0.08661682002212154,0.16825617618006944,0.22128571518906218,0.061583598597420026,0.07941187845878972,0.1704684911353298
darts_enc_fc_cyc_day_cos_futcov_lag5,0.18934270566477762,0.08644109383015175,0.10419826672449341,0.4293547646468077,0.09096199472662087,0.19872134705553338,0.0888852192907905,0.16970077027702504
env_weather_temperature_2m_min_futcov_lag4,0.5092528577253095,0.05681033216330156,0.06988976535554525,0.08917214011455528,0.12093496929461818,0.13760681689597415,0.19396240373936602,0.16823275504123858
rolling_rmean28_28_com_diplo_rus_ua_pastcov_lag-14,0.1412535955429105,0.14348215373538167,0.14950587216889855,0.20896773470824354,0.20892137527491414,0.15538022373270385,0.16796469567585137,0.1679250929769862
ewm_expdecay7_dist_to_nearest_contested_km_pastcov_lag-1,0.22775229030592595,0.09826676074510732,0.34363311517894596,0.1103181942146146,0.04510417198495644,0.25863990389873864,0.09081639105734182,0.16779011819794726
env_weather_temperature_2m_min_futcov_lag2,0.17674569842846236,0.26839216326076293,0.14178142105459218,0.18029300821927824,0.09663406853937351,0.046751539803452154,0.25436138126702174,0.1664227543675633
darts_enc_fc_cyc_day_sin_futcov_lag0,0.13295644702477377,0.20061640616958312,0.08055426410707152,0.16201887562208123,0.1696960249329064,0.13197859328282638,0.28604113518812385,0.16626596376105232
env_weather_cloud_cover_min_futcov_lag2,0.05863180679629244,0.16680215112997612,0.22910606952003262,0.08222928796778535,0.09743133036122763,0.10300450879865503,0.41864544669766024,0.16512151446737564
env_weather_rain_sum_futcov_lag3,0.07746508109724771,0.055345683937242415,0.09158214577130212,0.18077698947616633,0.2775516831396019,0.13892525177722076,0.3290396934327403,0.16438378980450308
env_weather_rain_sum_futcov_lag6,0.3904192075145689,0.17721070574580716,0.16770247065416247,0.12728354956839527,0.04939533309991468,0.11114649214401831,0.11139108494984919,0.16207840623953085
env_weather_cloud_cover_min_futcov_lag3,0.1250875518310702,0.09733467991503547,0.07805680063796888,0.3334086642569142,0.23929199098634754,0.07598857366275084,0.18339922572118017,0.1617953552873239
env_weather_soil_moisture_0_to_100cm_mean_futcov_lag-2,0.34933961353216586,0.11831701210042378,0.15118705932769938,0.11444913759801277,0.15231629142764777,0.12890806967307716,0.11002946202963013,0.16064952081266526
rolling_rmean28_28_fin_usd_uah_rate_pastcov_lag-7,0.1323663563557827,0.22932690671790676,0.24756361173004385,0.06659172437602084,0.19809710090288637,0.17846641527860155,0.06516808754959807,0.1596543147015486
darts_enc_fc_cyc_day_cos_futcov_lag6,0.09237545229128571,0.08486136463058254,0.16601546031296163,0.15395445547934708,0.2789614456101343,0.08599649545216731,0.23842960279932837,0.15722775379654386
ewm_expdecay7_fin_ch_export_kazakhstan_pastcov_lag-7,0.05857134136038506,0.16603540510533268,0.26682599185925426,0.08672843903466201,0.10767965242324078,0.22071179762414767,0.17862202690741727,0.15502495061634852
darts_enc_fc_cyc_day_sin_futcov_lag3,0.27750538987062007,0.21274509508859665,0.08628555107101772,0.15728937449267807,0.06005615826745878,0.09910249789707906,0.18288432610347014,0.1536954846844172
env_weather_temperature_2m_max_futcov_lag1,0.17864269375577613,0.2855842787710772,0.1890103564037921,0.061187370979509055,0.07567280286251574,0.1653950766382897,0.11954524567691838,0.1535768321554112
darts_enc_fc_cyc_day_sin_futcov_lag-2,0.1056778902094095,0.14739806526131025,0.19709851228772812,0.1463021558410996,0.2097513674324176,0.06736310666598966,0.1813824995790723,0.15071051389671816
ewm_expdecay7_acled_other_ua_armed_clash_pastcov_lag-7,0.08192022183904485,0.15894317626827453,0.0770374167383335,0.20581281829086043,0.14337009885145863,0.28669286925974397,0.09832846197314545,0.1503007233172659
env_weather_temperature_2m_min_futcov_lag0,0.20019692520178217,0.17115795607247966,0.029021441621666297,0.11609492885641849,0.23067999552890722,0.06355953021830912,0.23600476579545984,0.14953079189928897
env_weather_soil_moisture_0_to_100cm_mean_futcov_lag2,0.19259068557264922,0.1370224429753005,0.05706948873882628,0.17318186267556676,0.23744625827331398,0.1306492667980362,0.11250451596235818,0.1486377887137216
env_weather_soil_moisture_0_to_100cm_mean_futcov_lag6,0.20634207544238425,0.08110764896108269,0.22937682641129792,0.2784488686105883,0.1020374677382212,0.010326470145387763,0.1187782686993215,0.14663108942975484
env_weather_soil_moisture_0_to_100cm_mean_futcov_lag4,0.26717023364058357,0.08943815332790969,0.0685460450496827,0.16712753171552283,0.05636162392141075,0.15458123340819152,0.20204206513398532,0.14360955517104093
darts_enc_fc_cyc_day_cos_futcov_lag1,0.06970449387503501,0.18989855436754996,0.18531945160371582,0.092392407265605,0.1788539327286509,0.11816074335624292,0.16750113040559889,0.14311867337177123
env_weather_temperature_2m_max_futcov_lag3,0.03060518079709501,0.02639732396544941,0.0560626430722552,0.3615581202373979,0.23633313623400481,0.16477663333117373,0.11621440778921556,0.14170677791808453
darts_enc_fc_cyc_day_sin_futcov_lag2,0.29940150094154516,0.09809990885292852,0.197860477898343,0.057407994539649475,0.09962342892262112,0.158982850403076,0.0718694758542712,0.14046366248749062
darts_enc_fc_cyc_dayofyear_cos_futcov_lag2,0.09895754638735488,0.1644688884982101,0.2176115253574776,0.0559269656681273,0.10993473533683869,0.06428039433311458,0.270115651946773,0.14018510107541374
darts_enc_fc_cyc_day_sin_futcov_lag5,0.03624672997063768,0.09949332990816755,0.22290399496614866,0.18987976264927273,0.11586860906620938,0.1376608807992141,0.16820813521530023,0.1386087775107072
ewm_ewma14_acled_other_rus_shelling_artillery_missile_attack_pastcov_lag-14,0.10448212478677565,0.19454153228238563,0.10588611648003275,0.07945345246819129,0.2582858364914479,0.13846234834524399,0.08822090907232288,0.13847604570377145
acled_other_rus_shelling_artillery_missile_attack_pastcov_lag-14,0.12865987120934777,0.16136428590748478,0.11876643558408398,0.1941021984453249,0.23255056878586625,0.07366517171149627,0.049163702611884234,0.1368960334650697
rolling_rmean28_28_acled_other_ua_armed_clash_pastcov_lag-7,0.0815338390332915,0.12422105747348056,0.1372919675821577,0.1896717743220672,0.17950611236691827,0.07783883723159313,0.16216922341626136,0.13603325877510997
env_weather_cloud_cover_min_futcov_lag4,0.09618492783066143,0.03534974300242949,0.1972870181688122,0.04361928732350862,0.2597931729170066,0.20202062353652528,0.1158758351426249,0.1357329439887955
env_weather_temperature_2m_min_futcov_lag1,0.11659478219414832,0.23937047361968353,0.07395386219701312,0.23235303013858968,0.03066546707990643,0.13712725683619803,0.11996624838582148,0.13571873149305153
env_weather_temperature_2m_max_futcov_lag4,0.29518833579095766,0.07717219910570798,0.04349003826427587,0.05059697401008395,0.20457513089717153,0.10216746283647167,0.15440765670431753,0.13251397108699806
env_weather_rain_sum_futcov_lag4,0.11111959723465749,0.09395209418242627,0.08468329513427092,0.07599978386216824,0.11530254598370679,0.23702320781365305,0.19909911108031844,0.1310256621844573
darts_enc_fc_cyc_dayofweek_sin_futcov_lag5,0.21113169825941852,0.1449539259004511,0.1385891754921825,0.05298149062806117,0.09866963785555405,0.0,0.2677514924700292,0.13058248865795666
rolling_rsum14_14_com_diplo_bluesecondary_rus_pastcov_lag-1,0.06292693370382937,0.10998465153738715,0.07964388856766298,0.2104590590300989,0.19381586018495872,0.13334404747180004,0.1063772831537874,0.1280788176642178
darts_enc_fc_cyc_day_cos_futcov_lag4,0.023987281122049363,0.17637271348021047,0.36249401021800204,0.024899296191674802,0.18518512558351996,0.10001910666082249,0.02153144317318084,0.12778413948992284
darts_enc_fc_cyc_day_cos_futcov_lag0,0.1944258284781224,0.16309362878720568,0.06630202747319683,0.10820967027829878,0.029196848701770417,0.13714927815817587,0.19044792604617952,0.1269750297032785
ewm_ewma14_com_diplo_redsecondary_ua_pastcov_lag-14,0.1751337425849427,0.1433217615061907,0.12885161644157564,0.026415961874403007,0.15525125971619105,0.14935606476504693,0.09182306550464632,0.1243076389132852
rolling_rsum14_14_com_verbal_conflict_redsecondary_rus_pastcov_lag-1,0.19732494963287486,0.20652257660968318,0.10107877279557227,0.24033842888247847,0.04670775928605179,0.05756684977738323,0.018833158043304862,0.12405321357533552
ewm_ewma14_com_diplo_redsecondary_ua_pastcov_lag-1,0.10068073317864801,0.1310488670599389,0.08854327256273545,0.20344695096556517,0.07989632592294961,0.17073101046289263,0.09153801537415056,0.12369788221812575
rolling_rmean28_28_com_diplo_redsecondary_ua_pastcov_lag-7,0.07702568443871377,0.07449443750678059,0.036355223612198784,0.07491172994299632,0.09741070525104036,0.16975340805732847,0.33136842330035,0.1230456588727726
darts_enc_fc_cyc_day_cos_futcov_lag2,0.31724940346448344,0.06301252537707945,0.22112952465941138,0.1273429093295216,0.030895903295767198,0.00890751144927846,0.0876810495094674,0.12231697529785844
rolling_rmean28_28_com_escalationsignal_rus_ua_pastcov_lag-14,0.0634169694932244,0.05536224404240831,0.18016105059269866,0.05261947482298726,0.07985825566636323,0.1295221290623294,0.28770814659760574,0.12123546718251672
darts_enc_fc_cyc_dayofweek_sin_futcov_lag-2,0.17460363089248826,0.05390326092327909,0.06969137038767526,0.12038602626539036,0.14948012039193978,0.04821605148356304,0.22300076640494304,0.11989731810703982
rolling_rmean28_28_com_aid_financial_pastcov_lag-1,0.2222036891511695,0.03590646868128992,0.17672373200736205,0.10574207018893028,0.17923024840585067,0.08863193366572897,0.029934561123339056,0.11976752903195294
env_weather_cloud_cover_min_futcov_lag5,0.0464474976676189,0.015181703245773337,0.11358165663830681,0.21908565917857764,0.09627612151366315,0.1220633303420883,0.22382048119656112,0.1194937785403699
env_weather_temperature_2m_min_futcov_lag-2,0.08920477986241195,0.10405925090606859,0.095106483353497,0.07682250462936346,0.1753574530367112,0.08548258698218077,0.20916523941962492,0.11931404259855115
rolling_rsum14_14_acled_other_ua_armed_clash_pastcov_lag-14,0.13208583991357833,0.10507561843706412,0.0916660752597231,0.12971083883273468,0.20017984263884614,0.06603660756815856,0.09973555743249174,0.11778434001179952
env_weather_soil_moisture_0_to_100cm_mean_futcov_lag3,0.1631053166665961,0.16434040755657114,0.013574877381899731,0.10788066181011591,0.18102753380460535,0.18654067179474743,0.0,0.1166384955735051
env_weather_soil_moisture_0_to_100cm_mean_futcov_lag1,0.04327787025768013,0.14085840416668893,0.18718802389538033,0.10309548929836188,0.057201740152520435,0.171285973536034,0.10976003089985256,0.11609536174378832
env_weather_soil_moisture_0_to_100cm_mean_futcov_lag0,0.02750414267818805,0.2170213746391663,0.1509155442215216,0.0962159266014771,0.10065176501287512,0.13294010645752682,0.07052587685727175,0.11368210520971811
env_weather_temperature_2m_max_futcov_lag0,0.23192635469058187,0.09841803883286657,0.06715426162526009,0.054275291918506025,0.06116654029175582,0.07890378618944707,0.19033032193706217,0.11173922792649707
darts_enc_fc_cyc_dayofweek_sin_futcov_lag0,0.0632941831346194,0.12713130523609917,0.06992881625929011,0.11684886811742637,0.09054773895902815,0.20627317606775497,0.09943195977871322,0.1104937210789902
env_weather_temperature_2m_min_futcov_lag3,0.12365570833365772,0.10917364878689781,0.14411712073103405,0.14924545287066288,0.06295235497010974,0.09746092435852646,0.0640849396273195,0.10724144995402975
darts_enc_fc_cyc_day_sin_futcov_lag4,0.10947686852479342,0.20766597793973546,0.05621919790119598,0.06506954350017652,0.056306157044412226,0.10032943052124282,0.15290255429876956,0.10685281853290371
ewm_ewma14_com_diplo_redsecondary_rus_pastcov_lag-1,0.22212365597779973,0.1286146899031726,0.043954459467259316,0.11642682413901909,0.06255601353214106,0.058153543823077934,0.11155730797324448,0.10619807068795915
env_weather_temperature_2m_max_futcov_lag-1,0.09620639362831682,0.07978988958516266,0.11232661329240191,0.09609633535678165,0.07669326721545712,0.16366266127702855,0.11604846430736875,0.10583194638035963
darts_enc_fc_cyc_dayofweek_sin_futcov_lag6,0.08430858538801438,0.14903314849557175,0.1721891989549128,0.1083683658103324,0.15181397322114124,0.05077438219262145,0.0,0.10235537915179914
darts_enc_fc_cyc_day_sin_futcov_lag6,0.01502440578331963,0.04869025180693573,0.0984859340132352,0.19193827223591584,0.11059129351007103,0.12668541312896686,0.12199690674427763,0.10191606817467457
rolling_rmean28_28_com_aid_financial_pastcov_lag-7,0.00696740470767572,0.043182190839741084,0.09450988738586569,0.03380838053405155,0.3151323277614214,0.09354845559434108,0.12580992162181887,0.10185122406355933
darts_enc_fc_cyc_day_cos_futcov_lag-1,0.11463682430442378,0.11898679679261939,0.0,0.046108524695728834,0.16150523984567516,0.1558117086718039,0.10678351084187235,0.10054751502173191
rolling_rsum7_7_com_diplo_redsecondary_rus_pastcov_lag-7,0.16088813509955552,0.1304964278712866,0.11174908407928144,0.0314158179380938,0.1267224232690505,0.03422495529783919,0.0888838013107246,0.09776866355226166
rolling_rmean28_28_com_verbal_conflict_redsecondary_rus_pastcov_lag-14,0.052001881367936965,0.08154369673432463,0.08063570068237247,0.16490437171134295,0.13180540285022457,0.13096710109962184,0.021221283665926398,0.09472563401596425
darts_enc_fc_cyc_dayofweek_cos_futcov_lag-2,0.04522254132821013,0.20838106722122907,0.013491255053684838,0.044275762633484594,0.17345712195591903,0.07330506301271114,0.10452006585879028,0.09466469672343271
rolling_rsum14_14_com_verbal_conflict_redsecondary_rus_pastcov_lag-7,0.12188097296824174,0.04337221663694056,0.08927413518420162,0.14714180123115309,0.10532312302766621,0.07883048238225278,0.07075514654888233,0.09379683971133405
darts_enc_fc_cyc_week_cos_futcov_lag-2,0.11341056694212283,0.05069016364211931,0.10198284982735918,0.0717810212744791,0.10341022845088803,0.13302404023413936,0.0665724947373521,0.09155305215835141
env_weather_cloud_cover_min_futcov_lag6,0.0901972935967283,0.09673072503477302,0.12010751796788931,0.0017045967349335045,0.11592351653998802,0.0072051194516063,0.20269266335614847,0.09065163324029527
rolling_rsum14_14_com_diplo_redsecondary_rus_pastcov_lag-1,0.047106928297076425,0.1526352616816594,0.07811556186069005,0.1129513621785817,0.09628967881940774,0.06278196533171557,0.08161442027898944,0.09021359692116004
darts_enc_fc_cyc_dayofweek_cos_futcov_lag2,0.027107681178783354,0.0775297955683496,0.15969089144986323,0.024385837078483682,0.0,0.23073043205328167,0.10450355086935029,0.08913545545687311
darts_enc_fc_cyc_day_cos_futcov_lag-2,0.03257868549030897,0.009338766309625587,0.040891185453669196,0.12809107968399608,0.09239124123506505,0.26654151660599046,0.04726968346197475,0.08815745117723288
darts_enc_fc_cyc_dayofweek_sin_futcov_lag3,0.03004719179678322,0.12383779909450053,0.16848161373354126,0.10002285159814563,0.026197631698863792,0.10524372691088832,0.05375465435320985,0.08679792416941894
darts_enc_fc_cyc_month_cos_futcov_lag3,0.06055156794119404,0.13184267735010857,0.18106829090243173,0.09621613318842119,0.08776193913842942,0.0,0.04977705650947999,0.0867453807185807
rolling_rsum14_14_com_verbal_conflict_redsecondary_rus_pastcov_lag-14,0.04345273305659633,0.03982869642763697,0.11772249666022395,0.18223842804464832,0.013995396497161788,0.1059436691018201,0.10144199616726066,0.08637477370790689
darts_enc_fc_cyc_dayofyear_sin_futcov_lag2,0.07599219107344694,0.15656694012322692,0.08990164929928846,0.09990896543734548,0.02404154734834518,0.019576070784138744,0.13801472798164893,0.08628601314963438
rolling_rmean28_28_com_verbal_conflict_redsecondary_rus_pastcov_lag-7,0.10267097268984234,0.15514605905565046,0.02217991433828077,0.09454927211296141,0.05497557664279046,0.09284064777289094,0.08149539031631238,0.08626540470410411
rolling_rmean28_28_fin_usd_uah_rate_pastcov_lag-14,0.07361129704765604,0.11110034972706573,0.06952536801034696,0.09605318250961421,0.05588758478932717,0.10838104365211625,0.07485809888612141,0.08420241780317825
darts_enc_fc_cyc_dayofweek_cos_futcov_lag6,0.06377696341903456,0.15972651316530026,0.10021873493097255,0.04451953161097747,0.05678119352913952,0.10935443473849799,0.046979746390885556,0.08305101682640113
darts_enc_fc_cyc_dayofweek_sin_futcov_lag4,0.025169379575541488,0.004671009809323325,0.14989337861393429,0.1477788441791651,0.044505527422833174,0.15383525526377698,0.03925693033301796,0.08073004645679889
rolling_rsum14_14_com_diplo_bluesecondary_rus_pastcov_lag-14,0.08307788703972592,0.11611467359070338,0.05775558836703204,0.04662045195771649,0.1672850877347995,0.053045003814013315,0.03236423149476383,0.07946613199982207
rolling_rsum14_14_com_diplo_redsecondary_rus_pastcov_lag-14,0.04479976495189458,0.03211005413990085,0.03297559531364692,0.12009413273928295,0.08174234129610251,0.1297933007701983,0.10764307184123009,0.0784511801503223
rolling_rmean28_28_com_verbal_conflict_redsecondary_rus_pastcov_lag-1,0.06131894443052657,0.06786208519106,0.07339711154496605,0.02794547145480847,0.14670972583855926,0.11587396136777921,0.055471780483711604,0.07836844004448731
rolling_rsum7_7_acled_other_ua_armed_clash_pastcov_lag-14,0.042968524838220015,0.0896560848772716,0.07195662084466802,0.07198444566399602,0.05938321861841264,0.11218783275842462,0.09116836166484737,0.07704358418083432
ewm_ewma14_com_diplo_redsecondary_rus_pastcov_lag-7,0.05934129313944233,0.05156725137895888,0.12738603710275703,0.04842909027582198,0.09905921322232003,0.09621696003409823,0.0548721505906609,0.07669599939200848
darts_enc_fc_cyc_dayofyear_cos_futcov_lag5,0.10310242431594802,0.02699258497552289,0.06653187570367361,0.06495641164484124,0.09882823759102516,0.014039234037813677,0.1548363334505283,0.0756124431027647
darts_enc_fc_cyc_dayofweek_cos_futcov_lag4,0.030267406791235737,0.06892425274185467,0.013347062909270572,0.11192819269247892,0.10875158357826437,0.09358325178436191,0.08922562825696741,0.07371819696491909
darts_enc_fc_cyc_dayofyear_sin_futcov_lag0,0.03055689473751231,0.06450544808551441,0.1454991517406367,0.1553948678503508,0.08097793043885744,0.015995972228187067,0.011720849299985453,0.07209301634014917
ewm_ewma14_com_ners_w8_pastcov_lag-14,0.021860129893763926,0.09205834582922687,0.04122054916521935,0.08563181254264093,0.1452407276972139,0.04230251665077729,0.07480387168116184,0.07187399335142916
rolling_rmean28_28_acled_other_ua_armed_clash_pastcov_lag-1,0.02473308134929703,0.02436657477967341,0.09320997645872196,0.03895347901744235,0.1367258290952847,0.10529432925146943,0.07299623162098529,0.07089707165326774
darts_enc_fc_cyc_week_cos_futcov_lag5,0.08768922300746547,0.08412602452594738,0.061059507884910165,0.0190243287331038,0.044669648123592545,0.11229760106500623,0.08428512640662794,0.07045020853523622
darts_enc_fc_cyc_dayofyear_cos_futcov_lag0,0.061535306720989925,0.12425702059962689,0.020511763273915788,0.031639619016482094,0.10887363099249973,0.07007495872641782,0.06541100319192365,0.06890047178883656
darts_enc_fc_cyc_dayofweek_sin_futcov_lag-1,0.14416173877778626,0.07908253870213414,0.1277125637312238,0.0569413696741694,0.05466442767066868,0.01684212620701069,0.0,0.06848639496614187
darts_enc_fc_cyc_dayofweek_sin_futcov_lag2,0.10351946454085405,0.043284331241997626,0.010964115471222736,0.1655798921824616,0.09380571630341722,0.0350993670348331,0.017957513552952442,0.06717291433253411
darts_enc_fc_cyc_dayofyear_cos_futcov_lag6,0.06204554098426391,0.08513888144377908,0.10195386389617708,0.07168251695186781,0.045622209396676466,0.07314654336930845,0.026584970541436118,0.06659636094050128
rolling_rsum14_14_com_diplo_redsecondary_rus_pastcov_lag-7,0.034608729614960206,0.027374991057880802,0.14061473982173855,0.020659088724129332,0.13265914056888056,0.05162085661888975,0.057760869126058365,0.06647120221893395
darts_enc_fc_cyc_month_sin_futcov_lag3,0.08922119664641111,0.13835600493765146,0.13084139701695818,0.0,0.012957838391016174,0.0,0.08707220094523009,0.06549266256246672
darts_enc_fc_cyc_dayofyear_cos_futcov_lag-1,0.0914941625661475,0.03310692145180977,0.041493247782082826,0.05835970420149902,0.05292121461593042,0.082562510005243,0.09686710635946989,0.06525783814031177
darts_enc_fc_cyc_week_cos_futcov_lag1,0.053954455287050666,0.11390708808687959,0.07078049348296493,0.0,0.010279183904311526,0.12519110328501423,0.06950303502637543,0.06337362272465663
rolling_rsum14_14_acled_other_ua_armed_clash_pastcov_lag-7,0.0668317901757455,0.0194354739835923,0.047382891753800185,0.11089692922364693,0.06689545872166026,0.040908112104669735,0.08302933140447541,0.0621971410525129
darts_enc_fc_cyc_dayofweek_cos_futcov_lag-1,0.056783184188487226,0.016246470940977992,0.17156213394673597,0.036684905551262,0.008669481302598704,0.12074744233222225,0.008164706688942387,0.059836903564460926
rolling_rmean28_28_com_diplo_redsecondary_ua_pastcov_lag-1,0.0670627809411599,0.11886585630113848,0.0886463381579053,0.04760960860962098,0.025118609337016772,0.011275476157724574,0.05838030114381648,0.059565567235483216
darts_enc_fc_cyc_dayofweek_cos_futcov_lag1,0.026824402488014203,0.02108239422696863,0.021277507356632114,0.03190613023175407,0.2424844729223282,0.06693763096358128,0.002918785339640297,0.0590616176469884
darts_enc_fc_cyc_dayofyear_cos_futcov_lag4,0.01679424299121093,0.08110513976445789,0.05324188968099213,0.08989154856288462,0.07237206941023405,0.07367461815107915,0.026252052231767572,0.05904736582751804
rolling_rmean28_28_com_aid_financial_pastcov_lag-14,0.0,0.0870299216876024,0.052425049662284215,0.22020181821611218,0.010256529424680234,0.03638619144872778,0.006289999953642665,0.058941358627578495
darts_enc_fc_cyc_dayofyear_cos_futcov_lag3,0.030175098653228587,0.01010991172135717,0.054694079355332166,0.228761170294763,0.027283092804022278,0.03007653672196574,0.026581901738890714,0.05824025589850852
darts_enc_fc_cyc_dayofweek_cos_futcov_lag0,0.10791099844281642,0.04782087156052837,0.010536361587922191,0.05894924673622755,0.07191078389369475,0.024142612060941763,0.07113815523068419,0.05605843278754503
ewm_expdecay7_fin_ch_export_kazakhstan_pastcov_lag-1,0.11606347701614926,0.004951063580456137,0.06884669332243817,0.0764621931788719,0.06596108013017662,0.01921208644945324,0.020088944381275627,0.05308364829411728
darts_enc_fc_cyc_month_sin_futcov_lag0,0.03650521495076381,0.09986184116933253,0.0,0.0,0.07486225092194013,0.06923596029926696,0.07258281936659666,0.05043544095827144
rolling_rsum14_14_acled_other_ua_armed_clash_pastcov_lag-1,0.06917487936627918,0.02650045008518045,0.10600530492510611,0.013895708510318952,0.07374444982655413,0.013067968113636514,0.04660851337985139,0.0498567534581324
darts_enc_fc_cyc_week_cos_futcov_lag0,0.09266582058711893,0.039235056900269925,0.022327395539349155,0.04280907034162704,0.0482386408182703,0.059646679314152184,0.04369048675848181,0.04980187860846704
darts_enc_fc_cyc_dayofweek_cos_futcov_lag5,0.10042025603009708,0.08253876846579927,0.009411171045947297,0.017841009936865278,0.03178839435621982,0.039882113095917805,0.05855993740660852,0.048634521476779304
darts_enc_fc_cyc_dayofyear_cos_futcov_lag-2,0.04131496689866909,0.041195810281204955,0.02579693417859862,0.09516539524016483,0.041208448524681786,0.03644883275724585,0.05757010441855057,0.048385784614159384
darts_enc_fc_cyc_dayofweek_sin_futcov_lag1,0.00806542500764132,0.04055832469335447,0.0799577012991471,0.009157219988064794,0.09975797720598155,0.019446571578793245,0.08149911338254172,0.04834890473650346
darts_enc_fc_cyc_dayofweek_cos_futcov_lag3,0.004793175386907811,0.0,0.05324167488034347,0.0,0.10293827526406617,0.004023224015096022,0.16449628496601482,0.04707037635891832
darts_enc_fc_cyc_dayofyear_sin_futcov_lag5,0.040847176383219566,0.07688144344212906,0.04296424775457861,0.005152775622639288,0.05804458289266503,0.016152576782518753,0.08581570976894036,0.046551216092384384
darts_enc_fc_cyc_week_sin_futcov_lag1,0.0,0.11006932902668962,0.0,0.06381669279803795,0.008324613964235212,0.03852057401199009,0.09599715884711355,0.04524690980686663
darts_enc_fc_cyc_week_cos_futcov_lag2,0.0,0.07429989877261443,0.039014030820413645,0.03224973484992566,0.0,0.0,0.15725114607464152,0.04325925864537076
darts_enc_fc_cyc_dayofyear_sin_futcov_lag-1,0.023376957557178713,0.011581492738384346,0.07763812841199845,0.03504246922902528,0.06107106834815644,0.025768328145798245,0.057448022582217546,0.04170378100182272
darts_enc_fc_cyc_dayofyear_sin_futcov_lag-2,0.015479718282356695,0.019105341831577013,0.02973293142820452,0.019446161508685816,0.11044505736954009,0.05511826178413856,0.0417217358385638,0.04157845829186664
darts_enc_fc_cyc_dayofyear_sin_futcov_lag4,0.037995819387877335,0.062099609685111724,0.04082125243907446,0.034415642640926884,0.03938945318327594,0.07095563827335476,0.003306332835369566,0.041283392634998674
darts_enc_fc_cyc_month_sin_futcov_lag4,0.001962440305310703,0.0,0.15815186771365622,0.0647093056753366,0.0,0.06204270417790191,0.0,0.04098090255317221
darts_enc_fc_cyc_dayofyear_sin_futcov_lag1,0.07699751269900668,0.0826439566022978,0.013520089814039293,0.017028789102578434,0.02606189574139029,0.0631258635570178,0.0006667392817572575,0.04000640668544108
darts_enc_fc_cyc_month_cos_futcov_lag6,0.0669463059678762,0.0,0.12409966317022625,0.08225219068906958,0.0,0.0,0.0,0.03904259426102458
rolling_rsum7_7_acled_other_ua_armed_clash_pastcov_lag-7,0.044072618217537926,0.05336968391141019,0.04126736544780613,0.028937725003713742,0.0009090602273440371,0.036617896839484555,0.058589088836183925,0.037680491211925786
darts_enc_fc_cyc_month_sin_futcov_lag-2,0.06182212662386609,0.0,0.0,0.038724896683177565,0.04904477494302729,0.10370728150835844,0.0,0.03618558282263277
darts_enc_fc_cyc_month_sin_futcov_lag2,0.009905661419015437,0.0,0.03809907332871896,0.01974660863861249,0.0,0.1773725866769019,0.0,0.035017704294749825
darts_enc_fc_cyc_dayofyear_cos_futcov_lag1,0.00465708399162446,0.05483113489779706,0.041080727729592155,0.06603665086962095,0.0,0.02742681933739168,0.0443289628422278,0.034051625666893445
darts_enc_fc_cyc_week_cos_futcov_lag4,0.030700043782450684,0.1215255815690093,0.022857233745563657,0.0340624448898418,0.01581021029326436,0.0,0.0,0.03213650204001854
darts_enc_fc_cyc_week_cos_futcov_lag3,0.021570482188636914,0.06109922538995377,0.030275769164664644,0.02284538414659577,0.0,0.0410971850687932,0.04304488304285165,0.03141898985735656
darts_enc_fc_cyc_week_sin_futcov_lag-2,0.0,0.037354245341168824,0.007833122096546272,0.0,0.0,0.0,0.1492420936936683,0.027775637304483344
darts_enc_fc_cyc_week_cos_futcov_lag-1,0.0,0.08006398458212048,0.093898723771319,0.0,0.01909261703315832,0.0,0.0,0.027579332198085397
darts_enc_fc_cyc_week_sin_futcov_lag5,0.01152777827974442,0.14479555969730948,0.0,0.027435367148148187,0.0,0.0,0.0,0.02625124358931458
darts_enc_fc_cyc_week_sin_futcov_lag2,0.0,0.017599735010794492,0.08528498477890459,0.0,0.017694362505466774,0.04897187053547834,0.001907769239121988,0.02449410315282374
darts_enc_fc_cyc_month_sin_futcov_lag1,0.021763725830450855,0.0,0.0,0.01873163025088021,0.034033501376494135,0.0260982312981849,0.043486348378347764,0.020587633876336837
darts_enc_fc_cyc_month_cos_futcov_lag2,0.034326683778642515,0.0,0.0,0.0,0.04546085811154084,0.050582629349716114,0.0,0.018624310177128494
darts_enc_fc_cyc_month_cos_futcov_lag0,0.0,0.0340839251157632,0.0665505038413255,0.003608293914992315,0.021031955162276912,0.0,0.0,0.01789638257633685
darts_enc_fc_cyc_dayofyear_sin_futcov_lag6,0.017601167653595002,0.007716870961667553,0.01466423240827641,0.008462097391885791,0.014655669407863272,0.022876322908674883,0.03874585226973623,0.017817459000242734
rolling_rsum7_7_acled_other_ua_armed_clash_pastcov_lag-1,0.03074426312033482,0.01087625388742804,0.01931439254602076,0.010031398776745533,0.004414545952468293,0.006064567714050215,0.0328651025194621,0.016330074930929965
darts_enc_fc_cyc_month_cos_futcov_lag1,0.016828310269566063,0.050877529268213706,0.02831469490881058,0.0,0.0,0.016020804499388825,0.0,0.01600590556371131
darts_enc_fc_cyc_dayofyear_sin_futcov_lag3,0.02836176078066034,0.02321148895032043,0.01008746120986698,0.0,0.02382239350149121,0.016001000406254847,0.008836231356374584,0.015760048029281198
darts_enc_fc_cyc_month_cos_futcov_lag-2,0.06244084646999824,0.0,0.0,0.0,0.028049662851644862,0.003939837388454527,0.0,0.013490049530013945
darts_enc_fc_cyc_week_sin_futcov_lag-1,0.026875910735841516,0.0,0.0,0.0030580336275314907,0.0009472435753864431,0.008572379078850143,0.05463346635281516,0.013441004767203535
darts_enc_fc_cyc_month_sin_futcov_lag5,0.0,0.051480700183712286,0.03841887501332969,0.0,0.0,0.0,0.0,0.012842796456720281
darts_enc_fc_cyc_week_sin_futcov_lag3,0.021620901472151965,0.035247225919998314,0.0,0.0,0.007127147861987782,0.0,0.014341186758166369,0.01119092314461492
darts_enc_fc_cyc_month_cos_futcov_lag-1,0.035186843228071966,0.0,0.0,0.0,0.0,0.04070813459267999,0.0,0.01084213968867885
darts_enc_fc_cyc_month_sin_futcov_lag-1,0.0,0.0,0.057466012188316276,0.0,0.005572772915086576,0.0,0.0,0.009005540729057552
darts_enc_fc_cyc_month_cos_futcov_lag5,0.023883495554404378,0.0,0.010190235720384109,0.024152951804676085,0.0,0.0,0.0,0.008318097582780654
darts_enc_fc_cyc_week_sin_futcov_lag4,0.03047200540807297,0.026877334779782516,0.0,0.0,0.0,0.0,0.0,0.008192762883979356
darts_enc_fc_cyc_month_sin_futcov_lag6,0.0,0.05560320358725271,0.0,0.0,0.0,0.0,0.0,0.007943314798178959
darts_enc_fc_cyc_month_cos_futcov_lag4,0.0,0.0,0.0,0.0,0.04593888047734392,0.0,0.0,0.0065626972110491314
darts_enc_fc_cyc_week_sin_futcov_lag6,0.0,0.02346442440249347,0.02088458217147983,0.0,0.0,0.0,0.0,0.006335572367710471
darts_enc_fc_cyc_week_cos_futcov_lag6,0.0,0.008686150136544883,0.0,0.02331522659110666,0.0,0.007599504824370082,0.002546726379881666,0.006021086847414757
darts_enc_fc_cyc_week_sin_futcov_lag0,0.0,0.0,0.006864198424450714,0.0,0.0,0.0,0.0,0.0009805997749215306
